OBJECTID,ISO,NAME_0,NAME_1,VARNAME_1,NL_NAME_1,HASC_1,FIPS_1,CC_1,TYPE_1,ENGTYPE_1,VALIDFR_1,VALIDTO_1,REMARKS_1,NAME_2,VARNAME_2,NL_NAME_2,HASC_2,FIPS_2,CC_2,TYPE_2,ENGTYPE_2,VALIDFR_2,VALIDTO_2,REMARKS_2,NAME_3,VARNAME_3,NL_NAME_3,HASC_3,TYPE_3,ENGTYPE_3,VALIDFR_3,VALIDTO_3,REMARKS_3,NAME_4,VARNAME_4,TYPE_4,ENGTYPE_4,VALIDFR_4,VALIDTO_4,REMARKS_4,NAME_5,TYPE_5,ENGTYPE_5,VALIDFR_5,VALIDTO_5,Shape_Leng,Shape_Area,bngy,psgc_bgy,_mean,_median,_stdev,_min,_max
"71375",PHL,Pilipinas,Agusan del Norte,,,PH.AN,RP02,,Lalawigan|Probinsya,Province,"19670617",Present,,Butuan City,,,PH.AN.BT,,,Lungsod|Siyudad,City,Unknown,Present,,Mandamo,,,,Barangay,Village,Unknown,Present,,,,,,,,,,,,,,0.16326090166,0.00095739825,Mandamo,"160202064",0.182355932007402,0.178000003099442,0.0249757597435964,0.128000006079674,0.245000004768372
"71388",PHL,Pilipinas,Agusan del Norte,,,PH.AN,RP02,,Lalawigan|Probinsya,Province,"19670617",Present,,Butuan City,,,PH.AN.BT,,,Lungsod|Siyudad,City,Unknown,Present,,Dankias,,,,Barangay,Village,Unknown,Present,,,,,,,,,,,,,,0.11590464115,0.00057124612,Dankias,"160202036",0.253161289518879,0.229000002145767,0.10251895161057,0.164000004529953,0.703000009059906
"74106",PHL,Pilipinas,Agusan del Norte,,,PH.AN,RP02,,Lalawigan|Probinsya,Province,"19670617",Present,,Butuan City,,,PH.AN.BT,,,Lungsod|Siyudad,City,Unknown,Present,,Baobaoan,,,,Barangay,Village,Unknown,Present,,,,,,,,,,,,,,0.12852021081,0.00105676728,Baobaoan,"160202018",0.349666668723027,0.315499991178513,0.127581039548122,0.21000000834465,0.782000005245209
"74108",PHL,Pilipinas,Agusan del Norte,,,PH.AN,RP02,,Lalawigan|Probinsya,Province,"19670617",Present,,Butuan City,,,PH.AN.BT,,,Lungsod|Siyudad,City,Unknown,Present,,Anticala,,,,Barangay,Village,Unknown,Present,,,,,,,,,,,,,,0.24363666562,0.00237006167,Anticala,"160202008",0.194379562226525,0.19200000166893,0.0248995447724433,0.140000000596046,0.26800000667572
"74189",PHL,Pilipinas,Agusan del Norte,,,PH.AN,RP02,,Lalawigan|Probinsya,Province,"19670617",Present,,Butuan City,,,PH.AN.BT,,,Lungsod|Siyudad,City,Unknown,Present,,Cabcabon,,,,Barangay,Village,Unknown,Present,,,,,,,,,,,,,,0.09118813764,0.00046151295,Cabcabon,"160202029",0.298964284360409,0.288499996066093,0.0859067077389157,0.203999996185303,0.598999977111816
"74192",PHL,Pilipinas,Agusan del Norte,,,PH.AN,RP02,,Lalawigan|Probinsya,Province,"19670617",Present,,Butuan City,,,PH.AN.BT,,,Lungsod|Siyudad,City,Unknown,Present,,Bobon,,,,Barangay,Village,Unknown,Present,,,,,,,,,,,,,,0.09225914150,0.00035568685,Bobon,"160202024",0.350800001621246,0.332500010728836,0.0625352727717203,0.284999996423721,0.53600001335144
"74193",PHL,Pilipinas,Agusan del Norte,,,PH.AN,RP02,,Lalawigan|Probinsya,Province,"19670617",Present,,Butuan City,,,PH.AN.BT,,,Lungsod|Siyudad,City,Unknown,Present,,Banza,,,,Barangay,Village,Unknown,Present,,,,,,,,,,,,,,0.13286754892,0.00059708392,Banza,"160202017",0.463314283745629,0.409999996423721,0.173057997416942,0.310999989509583,1.12899994850159
"74194",PHL,Pilipinas,Agusan del Norte,,,PH.AN,RP02,,Lalawigan|Probinsya,Province,"19670617",Present,,Butuan City,,,PH.AN.BT,,,Lungsod|Siyudad,City,Unknown,Present,,Maug,,,,Barangay,Village,Unknown,Present,,,,,,,,,,,,,,0.07927340045,0.00034333285,Maug,"160202068",0.485000000758605,0.398499995470047,0.229517683351544,0.303999990224838,1.17400002479553
"74622",PHL,Pilipinas,Agusan del Norte,,,PH.AN,RP02,,Lalawigan|Probinsya,Province,"19670617",Present,,Butuan City,,,PH.AN.BT,,,Lungsod|Siyudad,City,Unknown,Present,,Sumile,,,,Barangay,Village,Unknown,Present,,,,,,,,,,,,,,0.16762917993,0.00106161539,Sumile,"160202101",0.208612901549185,0.190999999642372,0.0503322338978665,0.141000002622604,0.402999997138977
"74104",PHL,Pilipinas,Agusan del Norte,,,PH.AN,RP02,,Lalawigan|Probinsya,Province,"19670617",Present,,Butuan City,,,PH.AN.BT,,,Lungsod|Siyudad,City,Unknown,Present,,Santo Nino,,,,Barangay,Village,Unknown,Present,,,,,,,,,,,,,,0.13436570505,0.00076547528,Santo Niño,"160202100",0.266919998526573,0.239999994635582,0.0709838962097374,0.158999994397163,0.474999994039536
"74129",PHL,Pilipinas,Agusan del Norte,,,PH.AN,RP02,,Lalawigan|Probinsya,Province,"19670617",Present,,Butuan City,,,PH.AN.BT,,,Lungsod|Siyudad,City,Unknown,Present,,Los Angeles,,,,Barangay,Village,Unknown,Present,,,,,,,,,,,,,,0.13496963647,0.00057281422,Los Angeles,"160202056",0.256805554446247,0.242499999701977,0.063878275971259,0.164000004529953,0.533999979496002
"74159",PHL,Pilipinas,Agusan del Norte,,,PH.AN,RP02,,Lalawigan|Probinsya,Province,"19670617",Present,,Butuan City,,,PH.AN.BT,,,Lungsod|Siyudad,City,Unknown,Present,,Sumilihon,,,,Barangay,Village,Unknown,Present,,,,,,,,,,,,,,0.13630038392,0.00066180852,Sumilihon,"160202080",0.408048776955139,0.261999994516373,0.242034055681965,0.17399999499321,0.97299998998642
"74167",PHL,Pilipinas,Agusan del Norte,,,PH.AN,RP02,,Lalawigan|Probinsya,Province,"19670617",Present,,Butuan City,,,PH.AN.BT,,,Lungsod|Siyudad,City,Unknown,Present,,Pianing,,,,Barangay,Village,Unknown,Present,,,,,,,,,,,,,,0.21747730925,0.00185564527,Pianing,"160202072",0.273359649275479,0.243000000715256,0.116357744254596,0.157000005245209,0.96399998664856
"74178",PHL,Pilipinas,Agusan del Norte,,,PH.AN,RP02,,Lalawigan|Probinsya,Province,"19670617",Present,,Butuan City,,,PH.AN.BT,,,Lungsod|Siyudad,City,Unknown,Present,,Lumbocan,,,,Barangay,Village,Unknown,Present,,,,,,,,,,,,,,0.10282171949,0.00048284051,Lumbocan,"160202057",0.636533330877622,0.480999991297722,0.32942654714916,0.361999988555908,1.72000002861023
"74180",PHL,Pilipinas,Agusan del Norte,,,PH.AN,RP02,,Lalawigan|Probinsya,Province,"19670617",Present,,Butuan City,,,PH.AN.BT,,,Lungsod|Siyudad,City,Unknown,Present,,Taguibo,,,,Barangay,Village,Unknown,Present,,,,,,,,,,,,,,0.14032314538,0.00070818907,Taguibo,"160202083",0.29322222173214,0.275999993085861,0.0751631952040831,0.180999994277954,0.569999992847443
"74181",PHL,Pilipinas,Agusan del Norte,,,PH.AN,RP02,,Lalawigan|Probinsya,Province,"19670617",Present,,Butuan City,,,PH.AN.BT,,,Lungsod|Siyudad,City,Unknown,Present,,Pagatpatan,,,,Barangay,Village,Unknown,Present,,,,,,,,,,,,,,0.07345705598,0.00023594789,Pagatpatan,"160202097",0.543538453487249,0.43299999833107,0.234208508761993,0.326999992132187,1.07999992370605
"74200",PHL,Pilipinas,Agusan del Norte,,,PH.AN,RP02,,Lalawigan|Probinsya,Province,"19670617",Present,,Butuan City,,,PH.AN.BT,,,Lungsod|Siyudad,City,Unknown,Present,,Masao,,,,Barangay,Village,Unknown,Present,,,,,,,,,,,,,,0.10493623697,0.00045654238,Masao,"160202067",0.509206897225873,0.550000011920929,0.140882042763841,0.252000004053116,0.824000000953674
"74221",PHL,Pilipinas,Agusan del Norte,,,PH.AN,RP02,,Lalawigan|Probinsya,Province,"19670617",Present,,Butuan City,,,PH.AN.BT,,,Lungsod|Siyudad,City,Unknown,Present,,Tiniwisan,,,,Barangay,Village,Unknown,Present,,,,,,,,,,,,,,0.09799882048,0.00038282935,Tiniwisan,"160202086",0.413399999141693,0.418000012636185,0.0834898725206532,0.252000004053116,0.547999978065491
"74225",PHL,Pilipinas,Agusan del Norte,,,PH.AN,RP02,,Lalawigan|Probinsya,Province,"19670617",Present,,Butuan City,,,PH.AN.BT,,,Lungsod|Siyudad,City,Unknown,Present,,Ampayon,,,,Barangay,Village,Unknown,Present,,,,,,,,,,,,,,0.20409068601,0.00127043262,Ampayon,"160202007",0.799092103776179,0.518500000238419,0.719075486828265,0.232999995350838,3.3730001449585
"74226",PHL,Pilipinas,Agusan del Norte,,,PH.AN,RP02,,Lalawigan|Probinsya,Province,"19670617",Present,,Butuan City,,,PH.AN.BT,,,Lungsod|Siyudad,City,Unknown,Present,,Pinamanculan,,,,Barangay,Village,Unknown,Present,,,,,,,,,,,,,,0.13456477007,0.00100267242,Pinamanculan,"160202073",0.449258618827524,0.425000011920929,0.185791923893137,0.159999996423721,1.28999996185303
"74251",PHL,Pilipinas,Agusan del Norte,,,PH.AN,RP02,,Lalawigan|Probinsya,Province,"19670617",Present,,Butuan City,,,PH.AN.BT,,,Lungsod|Siyudad,City,Unknown,Present,,Bugsukan,,,,Barangay,Village,Unknown,Present,,,,,,,,,,,,,,0.14024292698,0.00077930491,Bugsukan,"160202092",0.229979999065399,0.234999999403954,0.0300602653923655,0.158999994397163,0.315999984741211
"74253",PHL,Pilipinas,Agusan del Norte,,,PH.AN,RP02,,Lalawigan|Probinsya,Province,"19670617",Present,,Butuan City,,,PH.AN.BT,,,Lungsod|Siyudad,City,Unknown,Present,,Babag,,,,Barangay,Village,Unknown,Present,,,,,,,,,,,,,,0.07245840728,0.00025290070,Babag,"160202013",1.40659999847412,1.44200003147125,0.417355593641514,0.591000020503998,2.03099989891052
"74254",PHL,Pilipinas,Agusan del Norte,,,PH.AN,RP02,,Lalawigan|Probinsya,Province,"19670617",Present,,Butuan City,,,PH.AN.BT,,,Lungsod|Siyudad,City,Unknown,Present,,Agusan Pequeno,,,,Barangay,Village,Unknown,Present,,,,,,,,,,,,,,0.06265382615,0.00012680060,Agusan Pequeño,"160202003",1.04455553160773,0.728999972343445,0.623558250692563,0.556999981403351,2.6489999294281
"74256",PHL,Pilipinas,Agusan del Norte,,,PH.AN,RP02,,Lalawigan|Probinsya,Province,"19670617",Present,,Butuan City,,,PH.AN.BT,,,Lungsod|Siyudad,City,Unknown,Present,,Antongalon,,,,Barangay,Village,Unknown,Present,,,,,,,,,,,,,,0.13273145654,0.00070760201,Antongalon,"160202009",0.298045455393466,0.290999993681908,0.0509380002844744,0.187999993562698,0.425999999046326
"74264",PHL,Pilipinas,Agusan del Norte,,,PH.AN,RP02,,Lalawigan|Probinsya,Province,"19670617",Present,,Butuan City,,,PH.AN.BT,,,Lungsod|Siyudad,City,Unknown,Present,,Ambago,,,,Barangay,Village,Unknown,Present,,,,,,,,,,,,,,0.07656035406,0.00033248906,Ambago,"160202004",0.921904756909325,0.736000001430511,0.456320055849238,0.547999978065491,2.1340000629425
"74273",PHL,Pilipinas,Agusan del Norte,,,PH.AN,RP02,,Lalawigan|Probinsya,Province,"19670617",Present,,Butuan City,,,PH.AN.BT,,,Lungsod|Siyudad,City,Unknown,Present,,Bading Pob. (Bgy. 22),,,,Barangay,Village,Unknown,Present,,,,,,,,,,,,,,0.04633075293,0.00011970579,Bading Pob. (Bgy. 22),"160202014",0.857428576265063,0.819000005722046,0.14876141627876,0.652999997138977,1.1139999628067
"74278",PHL,Pilipinas,Agusan del Norte,,,PH.AN,RP02,,Lalawigan|Probinsya,Province,"19670617",Present,,Butuan City,,,PH.AN.BT,,,Lungsod|Siyudad,City,Unknown,Present,,Baan Km 3,,,,Barangay,Village,Unknown,Present,,,,,,,,,,,,,,0.12886885641,0.00070966874,Baan KM 3,"160202012",1.82709301488344,1.10300004482269,1.4710271300793,0.47299998998642,5.59700012207031
"74291",PHL,Pilipinas,Agusan del Norte,,,PH.AN,RP02,,Lalawigan|Probinsya,Province,"19670617",Present,,Butuan City,,,PH.AN.BT,,,Lungsod|Siyudad,City,Unknown,Present,,Mahogany Pob. (Bgy. 21),,,,Barangay,Village,Unknown,Present,,,,,,,,,,,,,,0.04148997492,0.00007390272,Mahogany Pob. (Bgy. 21),"160202062",0.469599992036819,0.47299998998642,0.0282672910092424,0.430999994277954,0.510999977588654
"74300",PHL,Pilipinas,Agusan del Norte,,,PH.AN,RP02,,Lalawigan|Probinsya,Province,"19670617",Present,,Butuan City,,,PH.AN.BT,,,Lungsod|Siyudad,City,Unknown,Present,,Obrero Pob. (Bgy. 18),,,,Barangay,Village,Unknown,Present,,,,,,,,,,,,,,0.03050394866,0.00002412381,Obrero Pob. (Bgy. 18),"160202091",0.941326760646354,0.756999999284744,0.354491361555309,0.446999996900558,1.5550000667572
"74306",PHL,Pilipinas,Agusan del Norte,,,PH.AN,RP02,,Lalawigan|Probinsya,Province,"19670617",Present,,Butuan City,,,PH.AN.BT,,,Lungsod|Siyudad,City,Unknown,Present,,Port Poyohon Pob. (Bgy. 17 - New Asia),,,,Barangay,Village,Unknown,Present,,,,,,,,,,,,,,0.03423274058,0.00003679178,Port Poyohon Pob. (Bgy. 17 - New Asia),"160202069",0.768500000238419,0.768500000238419,0.167499989271164,0.601000010967255,0.935999989509583
"74307",PHL,Pilipinas,Agusan del Norte,,,PH.AN,RP02,,Lalawigan|Probinsya,Province,"19670617",Present,,Butuan City,,,PH.AN.BT,,,Lungsod|Siyudad,City,Unknown,Present,,Dumalagan,,,,Barangay,Village,Unknown,Present,,,,,,,,,,,,,,0.15568379220,0.00104213985,Dumalagan,"160202040",0.865545450737982,0.667500019073486,0.536680058676498,0.32600000500679,2.67400002479553
"74316",PHL,Pilipinas,Agusan del Norte,,,PH.AN,RP02,,Lalawigan|Probinsya,Province,"19670617",Present,,Butuan City,,,PH.AN.BT,,,Lungsod|Siyudad,City,Unknown,Present,,Holy Redeemer Pob. (Bgy. 23),,,,Barangay,Village,Unknown,Present,,,,,,,,,,,,,,0.03058496975,0.00003619503,Holy Redeemer Pob. (Bgy. 23),"160202047",3.41700005531311,3.41700005531311,1.12700009346008,2.28999996185303,4.54400014877319
"74326",PHL,Pilipinas,Agusan del Norte,,,PH.AN,RP02,,Lalawigan|Probinsya,Province,"19670617",Present,,Butuan City,,,PH.AN.BT,,,Lungsod|Siyudad,City,Unknown,Present,,Ong Yiu Pob. (Bgy. 16),,,,Barangay,Village,Unknown,Present,,,,,,,,,,,,,,0.03459356609,0.00005611431,Ong Yiu Pob. (Bgy. 16),"160202071",0.975499972701073,0.944499969482422,0.370524263573796,0.550000011920929,1.46299993991852
"74330",PHL,Pilipinas,Agusan del Norte,,,PH.AN,RP02,,Lalawigan|Probinsya,Province,"19670617",Present,,Butuan City,,,PH.AN.BT,,,Lungsod|Siyudad,City,Unknown,Present,,Doongan,,,,Barangay,Village,Unknown,Present,,,,,,,,,,,,,,0.06649021986,0.00019878852,Doongan,"160202039",6.02872724966569,6.19899988174438,3.42744630714576,2.14000010490417,13.0279998779297
"74334",PHL,Pilipinas,Agusan del Norte,,,PH.AN,RP02,,Lalawigan|Probinsya,Province,"19670617",Present,,Butuan City,,,PH.AN.BT,,,Lungsod|Siyudad,City,Unknown,Present,,Lemon,,,,Barangay,Village,Unknown,Present,,,,,,,,,,,,,,0.09249777509,0.00041281749,Lemon,"160202052",1.91549998292556,1.55549997091293,1.15702416750588,0.561999976634979,4.34600019454956
"74340",PHL,Pilipinas,Agusan del Norte,,,PH.AN,RP02,,Lalawigan|Probinsya,Province,"19670617",Present,,Butuan City,,,PH.AN.BT,,,Lungsod|Siyudad,City,Unknown,Present,,Baan Riverside Pob. (Bgy. 20),,,,Barangay,Village,Unknown,Present,,,,,,,,,,,,,,0.03016694166,0.00004172350,Baan Riverside Pob. (Bgy. 20),"160202033",0.581333329280218,0.592000007629395,0.0941995480754817,0.460999995470047,0.690999984741211
"74343",PHL,Pilipinas,Agusan del Norte,,,PH.AN,RP02,,Lalawigan|Probinsya,Province,"19670617",Present,,Butuan City,,,PH.AN.BT,,,Lungsod|Siyudad,City,Unknown,Present,,Bayanihan Pob. (Bgy. 27),,,,Barangay,Village,Unknown,Present,,,,,,,,,,,,,,0.05767957834,0.00009732497,Bayanihan Pob. (Bgy. 27),"160202020",10.0708571842739,10.9580001831055,3.41108974340396,4.65199995040894,14.2919998168945
"74344",PHL,Pilipinas,Agusan del Norte,,,PH.AN,RP02,,Lalawigan|Probinsya,Province,"19670617",Present,,Butuan City,,,PH.AN.BT,,,Lungsod|Siyudad,City,Unknown,Present,,San Ignacio Pob. (Bgy. 15),,,,Barangay,Village,Unknown,Present,,,,,,,,,,,,,,0.02876358847,0.00002121689,San Ignacio Pob. (Bgy. 15),"160202075",1.17442823193539,1.02999997138977,0.677474038216639,0.486000001430511,2.55099987983704
"74349",PHL,Pilipinas,Agusan del Norte,,,PH.AN,RP02,,Lalawigan|Probinsya,Province,"19670617",Present,,Butuan City,,,PH.AN.BT,,,Lungsod|Siyudad,City,Unknown,Present,,Libertad,,,,Barangay,Village,Unknown,Present,,,,,,,,,,,,,,0.11160519689,0.00067070999,Libertad,"160202054",4.63873173260107,3.65899991989136,2.71205699385591,0.774999976158142,12.7510004043579
"74352",PHL,Pilipinas,Agusan del Norte,,,PH.AN,RP02,,Lalawigan|Probinsya,Province,"19670617",Present,,Butuan City,,,PH.AN.BT,,,Lungsod|Siyudad,City,Unknown,Present,,Buhangin Pob. (Bgy. 19),,,,Barangay,Village,Unknown,Present,,,,,,,,,,,,,,0.05431492570,0.00017109003,Buhangin Pob. (Bgy. 19),"160202027",1.87888889511426,1.95000004768372,1.07771192688121,0.483999997377396,3.70499992370605
"74353",PHL,Pilipinas,Agusan del Norte,,,PH.AN,RP02,,Lalawigan|Probinsya,Province,"19670617",Present,,Butuan City,,,PH.AN.BT,,,Lungsod|Siyudad,City,Unknown,Present,,Bancasi,,,,Barangay,Village,Unknown,Present,,,,,,,,,,,,,,0.15508286098,0.00087752026,Bancasi,"160202016",1.9825090998953,1.46099996566772,1.31168880831384,0.335999995470047,4.56500005722046
"74360",PHL,Pilipinas,Agusan del Norte,,,PH.AN,RP02,,Lalawigan|Probinsya,Province,"19670617",Present,,Butuan City,,,PH.AN.BT,,,Lungsod|Siyudad,City,Unknown,Present,,Leon Kilat Pob. (Bgy. 13),,,,Barangay,Village,Unknown,Present,,,,,,,,,,,,,,0.02613510198,0.00001666935,Leon Kilat Pob. (Bgy. 13),"160202053",1.48856370754363,1.28549998998642,0.633569942559868,0.690999984741211,2.55099987983704
"74366",PHL,Pilipinas,Agusan del Norte,,,PH.AN,RP02,,Lalawigan|Probinsya,Province,"19670617",Present,,Butuan City,,,PH.AN.BT,,,Lungsod|Siyudad,City,Unknown,Present,,Limaha Pob. (Bgy. 14),,,,Barangay,Village,Unknown,Present,,,,,,,,,,,,,,0.01748397610,0.00002010618,Limaha Pob. (Bgy. 14),"160202055",4.67899978160858,4.67899978160858,2.12799990177155,2.55099987983704,6.80699968338013
"74368",PHL,Pilipinas,Agusan del Norte,,,PH.AN,RP02,,Lalawigan|Probinsya,Province,"19670617",Present,,Butuan City,,,PH.AN.BT,,,Lungsod|Siyudad,City,Unknown,Present,,Humabon Pob. (Bgy. 11),,,,Barangay,Village,Unknown,Present,,,,,,,,,,,,,,0.01587608541,0.00000784221,Humabon Pob. (Bgy. 11),"160202048",1.23007667832282,1.19000005722046,0.417257155186808,0.690999984741211,1.87999999523163
"74370",PHL,Pilipinas,Agusan del Norte,,,PH.AN,RP02,,Lalawigan|Probinsya,Province,"19670617",Present,,Butuan City,,,PH.AN.BT,,,Lungsod|Siyudad,City,Unknown,Present,,Sikatuna Pob. (Bgy. 10),,,,Barangay,Village,Unknown,Present,,,,,,,,,,,,,,0.01503214127,0.00000473177,Sikatuna Pob. (Bgy. 10),"160202078",1.35033480650358,1.28150004148483,0.430548650947214,0.690999984741211,1.87999999523163
"74375",PHL,Pilipinas,Agusan del Norte,,,PH.AN,RP02,,Lalawigan|Probinsya,Province,"19670617",Present,,Butuan City,,,PH.AN.BT,,,Lungsod|Siyudad,City,Unknown,Present,,Urduja Pob. (Bgy. 9),,,,Barangay,Village,Unknown,Present,,,,,,,,,,,,,,0.01572401123,0.00000753441,Urduja Pob. (Bgy. 9),"160202089",1.31210342607916,1.37300002574921,0.33720623847193,1.19000005722046,1.87999999523163
"74377",PHL,Pilipinas,Agusan del Norte,,,PH.AN,RP02,,Lalawigan|Probinsya,Province,"19670617",Present,,Butuan City,,,PH.AN.BT,,,Lungsod|Siyudad,City,Unknown,Present,,Tandang Sora Pob. (Bgy. 12),,,,Barangay,Village,Unknown,Present,,,,,,,,,,,,,,0.02612216577,0.00002396384,Tandang Sora Pob. (Bgy. 12),"160202085",3.70942599808155,2.84999990463257,2.81616166654992,1.37300002574921,9.6230001449585
"74378",PHL,Pilipinas,Agusan del Norte,,,PH.AN,RP02,,Lalawigan|Probinsya,Province,"19670617",Present,,Butuan City,,,PH.AN.BT,,,Lungsod|Siyudad,City,Unknown,Present,,Taligaman,,,,Barangay,Village,Unknown,Present,,,,,,,,,,,,,,0.09636985915,0.00046834818,Taligaman,"160202084",0.302689655587591,0.310999989509583,0.0411214376961599,0.234999999403954,0.379000008106232
"74380",PHL,Pilipinas,Agusan del Norte,,,PH.AN,RP02,,Lalawigan|Probinsya,Province,"19670617",Present,,Butuan City,,,PH.AN.BT,,,Lungsod|Siyudad,City,Unknown,Present,,Silongan Pob. (Bgy. 5),,,,Barangay,Village,Unknown,Present,,,,,,,,,,,,,,0.00990807139,0.00000444951,Silongan Pob. (Bgy. 5),"160202079",1.20351610166138,1.28150004148483,0.120223716423874,1.19000005722046,1.37300002574921
"74387",PHL,Pilipinas,Agusan del Norte,,,PH.AN,RP02,,Lalawigan|Probinsya,Province,"19670617",Present,,Butuan City,,,PH.AN.BT,,,Lungsod|Siyudad,City,Unknown,Present,,Diego Silang Pob. (Bgy. 6),,,,Barangay,Village,Unknown,Present,,,,,,,,,,,,,,0.01754935060,0.00001954009,Diego Silang Pob. (Bgy. 6),"160202038",2.05891519906502,1.98399996757507,0.704780879108883,1.19000005722046,3.15199995040894
"74390",PHL,Pilipinas,Agusan del Norte,,,PH.AN,RP02,,Lalawigan|Probinsya,Province,"19670617",Present,,Butuan City,,,PH.AN.BT,,,Lungsod|Siyudad,City,Unknown,Present,,Rajah Soliman Pob. (Bgy. 4),,,,Barangay,Village,Unknown,Present,,,,,,,,,,,,,,0.00978485919,0.00000504385,Rajah Soliman Pob. (Bgy. 4),"160202074",1.56670952291111,1.58700001239777,0.397518135906265,1.19000005722046,1.98399996757507
"74391",PHL,Pilipinas,Agusan del Norte,,,PH.AN,RP02,,Lalawigan|Probinsya,Province,"19670617",Present,,Butuan City,,,PH.AN.BT,,,Lungsod|Siyudad,City,Unknown,Present,,Imadejas Pob. (Bgy. 24),,,,Barangay,Village,Unknown,Present,,,,,,,,,,,,,,0.04147259609,0.00007073054,Imadejas Pob. (Bgy. 24),"160202037",12.9774997234344,12.5174999237061,2.94219097027708,9.6230001449585,17.2519989013672
"74392",PHL,Pilipinas,Agusan del Norte,,,PH.AN,RP02,,Lalawigan|Probinsya,Province,"19670617",Present,,Butuan City,,,PH.AN.BT,,,Lungsod|Siyudad,City,Unknown,Present,,New Society Village Pob. (Bgy. 26),,,,Barangay,Village,Unknown,Present,,,,,,,,,,,,,,0.00928248760,0.00000542411,New Society Village Pob. (Bgy. 26),"160202070",2.62884223575254,2.08950001001358,0.757563686472613,1.37300002574921,2.84999990463257
"74393",PHL,Pilipinas,Agusan del Norte,,,PH.AN,RP02,,Lalawigan|Probinsya,Province,"19670617",Present,,Butuan City,,,PH.AN.BT,,,Lungsod|Siyudad,City,Unknown,Present,,Lapu-Lapu Pob. (Bgy. 8),,,,Barangay,Village,Unknown,Present,,,,,,,,,,,,,,0.01663943100,0.00001073612,Lapu-lapu Pob. (Bgy. 8),"160202051",3.99783195478709,3.40600001811981,3.05967856610564,1.87999999523163,9.6230001449585
"74394",PHL,Pilipinas,Agusan del Norte,,,PH.AN,RP02,,Lalawigan|Probinsya,Province,"19670617",Present,,Butuan City,,,PH.AN.BT,,,Lungsod|Siyudad,City,Unknown,Present,,Agao Pob. (Bgy. 3),,,,Barangay,Village,Unknown,Present,,,,,,,,,,,,,,0.00940131514,0.00000464154,Agao Pob. (Bgy. 3),"160202002",1.98400923662288,2.09299993515015,0.15414267837568,1.98399996757507,2.20199990272522
"74399",PHL,Pilipinas,Agusan del Norte,,,PH.AN,RP02,,Lalawigan|Probinsya,Province,"19670617",Present,,Butuan City,,,PH.AN.BT,,,Lungsod|Siyudad,City,Unknown,Present,,Dagohoy Pob. (Bgy. 7),,,,Barangay,Village,Unknown,Present,,,,,,,,,,,,,,0.02392662446,0.00002564414,Dagohoy Pob. (Bgy. 7),"160202044",5.40249991416931,5.40249991416931,2.55250000953674,2.84999990463257,7.95499992370605
"74400",PHL,Pilipinas,Agusan del Norte,,,PH.AN,RP02,,Lalawigan|Probinsya,Province,"19670617",Present,,Butuan City,,,PH.AN.BT,,,Lungsod|Siyudad,City,Unknown,Present,,Golden Ribbon Pob. (Bgy. 2),,,,Barangay,Village,Unknown,Present,,,,,,,,,,,,,,0.02459329501,0.00002801302,Golden Ribbon Pob. (Bgy. 2),"160202043",3.05999994277954,3.05999994277954,0.0920000076293945,2.96799993515015,3.15199995040894
"74406",PHL,Pilipinas,Agusan del Norte,,,PH.AN,RP02,,Lalawigan|Probinsya,Province,"19670617",Present,,Butuan City,,,PH.AN.BT,,,Lungsod|Siyudad,City,Unknown,Present,,Basag,,,,Barangay,Village,Unknown,Present,,,,,,,,,,,,,,0.16207878218,0.00092114878,Basag,"160202019",0.540946425071784,0.431999996304512,0.233791607841674,0.277999997138977,1.14800000190735
"74414",PHL,Pilipinas,Agusan del Norte,,,PH.AN,RP02,,Lalawigan|Probinsya,Province,"19670617",Present,,Butuan City,,,PH.AN.BT,,,Lungsod|Siyudad,City,Unknown,Present,,Jose Rizal Pob. (Bgy. 25),,,,Barangay,Village,Unknown,Present,,,,,,,,,,,,,,0.02833522819,0.00003626608,Jose Rizal Pob. (Bgy. 25),"160202045",5.56650277072788,6.17700004577637,4.77360400508998,3.15199995040894,14.0469999313354
"74418",PHL,Pilipinas,Agusan del Norte,,,PH.AN,RP02,,Lalawigan|Probinsya,Province,"19670617",Present,,Butuan City,,,PH.AN.BT,,,Lungsod|Siyudad,City,Unknown,Present,,Mahay,,,,Barangay,Village,Unknown,Present,,,,,,,,,,,,,,0.15757310997,0.00085255608,Mahay,"160202061",1.0802352977734,0.790000021457672,0.714626839445629,0.46399998664856,3.35400009155273
"74421",PHL,Pilipinas,Agusan del Norte,,,PH.AN,RP02,,Lalawigan|Probinsya,Province,"19670617",Present,,Butuan City,,,PH.AN.BT,,,Lungsod|Siyudad,City,Unknown,Present,,Maon Pob. (Bgy. 1),,,,Barangay,Village,Unknown,Present,,,,,,,,,,,,,,0.02055063469,0.00002290718,Maon Pob. (Bgy. 1),"160202066",2.80799996852875,2.80799996852875,0.0549999475479126,2.75300002098083,2.86299991607666
"74424",PHL,Pilipinas,Agusan del Norte,,,PH.AN,RP02,,Lalawigan|Probinsya,Province,"19670617",Present,,Butuan City,,,PH.AN.BT,,,Lungsod|Siyudad,City,Unknown,Present,,Villa Kananga,,,,Barangay,Village,Unknown,Present,,,,,,,,,,,,,,0.07232701264,0.00029742778,Villa Kananga,"160202090",11.1715498864651,11.9350004196167,6.71298107405584,1.58000004291534,18.9869995117188
"74425",PHL,Pilipinas,Agusan del Norte,,,PH.AN,RP02,,Lalawigan|Probinsya,Province,"19670617",Present,,Butuan City,,,PH.AN.BT,,,Lungsod|Siyudad,City,Unknown,Present,,Pangabugan,,,,Barangay,Village,Unknown,Present,,,,,,,,,,,,,,0.05187734553,0.00014734264,Pangabugan,"160202098",1.73488887151082,1.75999999046326,0.329904820561407,1.27300000190735,2.09299993515015
"74429",PHL,Pilipinas,Agusan del Norte,,,PH.AN,RP02,,Lalawigan|Probinsya,Province,"19670617",Present,,Butuan City,,,PH.AN.BT,,,Lungsod|Siyudad,City,Unknown,Present,,De Oro,,,,Barangay,Village,Unknown,Present,,,,,,,,,,,,,,0.11929940095,0.00061001294,De Oro,"160202093",0.280194447686275,0.289000004529953,0.0266977095559157,0.223999992012978,0.335999995470047
"74432",PHL,Pilipinas,Agusan del Norte,,,PH.AN,RP02,,Lalawigan|Probinsya,Province,"19670617",Present,,Butuan City,,,PH.AN.BT,,,Lungsod|Siyudad,City,Unknown,Present,,Bonbon,,,,Barangay,Village,Unknown,Present,,,,,,,,,,,,,,0.10474712995,0.00047068996,Bonbon,"160202025",8.25155551566018,7.9060001373291,5.24535546167944,0.929000020027161,18.0769996643066
"74448",PHL,Pilipinas,Agusan del Norte,,,PH.AN,RP02,,Lalawigan|Probinsya,Province,"19670617",Present,,Butuan City,,,PH.AN.BT,,,Lungsod|Siyudad,City,Unknown,Present,,Tagabaca,,,,Barangay,Village,Unknown,Present,,,,,,,,,,,,,,0.11777312878,0.00070763229,Tagabaca,"160202082",0.733348835346311,0.684000015258789,0.193886063335613,0.453000009059906,1.3659999370575
"74452",PHL,Pilipinas,Agusan del Norte,,,PH.AN,RP02,,Lalawigan|Probinsya,Province,"19670617",Present,,Butuan City,,,PH.AN.BT,,,Lungsod|Siyudad,City,Unknown,Present,,Bit-Os,,,,Barangay,Village,Unknown,Present,,,,,,,,,,,,,,0.39856865728,0.00359265038,Bit-os,"160202022",0.68399561725949,0.298500001430511,0.812705090047426,0.153999999165535,6.89599990844727
"74455",PHL,Pilipinas,Agusan del Norte,,,PH.AN,RP02,,Lalawigan|Probinsya,Province,"19670617",Present,,Butuan City,,,PH.AN.BT,,,Lungsod|Siyudad,City,Unknown,Present,,San Vicente,,,,Barangay,Village,Unknown,Present,,,,,,,,,,,,,,0.07571359322,0.00036125964,San Vicente,"160202077",1.63530001044273,1.46950000524521,0.535828251453171,0.85699999332428,2.61199998855591
"74457",PHL,Pilipinas,Agusan del Norte,,,PH.AN,RP02,,Lalawigan|Probinsya,Province,"19670617",Present,,Butuan City,,,PH.AN.BT,,,Lungsod|Siyudad,City,Unknown,Present,,Kinamlutan,,,,Barangay,Village,Unknown,Present,,,,,,,,,,,,,,0.07866048662,0.00037867715,Kinamlutan,"160202049",6.85563642328436,6.38000011444092,3.85621373140373,1.00600004196167,14.8550004959106
"74469",PHL,Pilipinas,Agusan del Norte,,,PH.AN,RP02,,Lalawigan|Probinsya,Province,"19670617",Present,,Butuan City,,,PH.AN.BT,,,Lungsod|Siyudad,City,Unknown,Present,,Camayahan,,,,Barangay,Village,Unknown,Present,,,,,,,,,,,,,,0.24507101084,0.00189891902,Camayahan,"160202031",0.312838982601287,0.288499996066093,0.105213017618659,0.159999996423721,0.778999984264374
"74471",PHL,Pilipinas,Agusan del Norte,,,PH.AN,RP02,,Lalawigan|Probinsya,Province,"19670617",Present,,Butuan City,,,PH.AN.BT,,,Lungsod|Siyudad,City,Unknown,Present,,Pigdaulan,,,,Barangay,Village,Unknown,Present,,,,,,,,,,,,,,0.10743043257,0.00056614790,Pigdaulan,"160202103",0.469888884988096,0.465999990701675,0.0743601475053613,0.28099998831749,0.611999988555908
"74497",PHL,Pilipinas,Agusan del Norte,,,PH.AN,RP02,,Lalawigan|Probinsya,Province,"19670617",Present,,Butuan City,,,PH.AN.BT,,,Lungsod|Siyudad,City,Unknown,Present,,Aupagan,,,,Barangay,Village,Unknown,Present,,,,,,,,,,,,,,0.14382450670,0.00105626529,Aupagan,"160202010",0.562253964562265,0.448000013828278,0.394768562794791,0.246999993920326,2.32200002670288
"74537",PHL,Pilipinas,Agusan del Norte,,,PH.AN,RP02,,Lalawigan|Probinsya,Province,"19670617",Present,,Butuan City,,,PH.AN.BT,,,Lungsod|Siyudad,City,Unknown,Present,,Salvacion,,,,Barangay,Village,Unknown,Present,,,,,,,,,,,,,,0.12137988629,0.00056677291,Salvacion,"160202099",0.293972971068846,0.273999989032745,0.0718848497316981,0.18299999833107,0.488999992609024
"74542",PHL,Pilipinas,Agusan del Norte,,,PH.AN,RP02,,Lalawigan|Probinsya,Province,"19670617",Present,,Butuan City,,,PH.AN.BT,,,Lungsod|Siyudad,City,Unknown,Present,,Amparo,,,,Barangay,Village,Unknown,Present,,,,,,,,,,,,,,0.24229876171,0.00187117971,Amparo,"160202006",0.397008695032286,0.303999990224838,0.283765072668209,0.19200000166893,1.8989999294281
"74573",PHL,Pilipinas,Agusan del Norte,,,PH.AN,RP02,,Lalawigan|Probinsya,Province,"19670617",Present,,Butuan City,,,PH.AN.BT,,,Lungsod|Siyudad,City,Unknown,Present,,Maibu,,,,Barangay,Village,Unknown,Present,,,,,,,,,,,,,,0.20588936148,0.00135092627,Maibu,"160202063",0.210879516350218,0.196999996900558,0.0491607608308154,0.151999995112419,0.384999990463257
"74576",PHL,Pilipinas,Agusan del Norte,,,PH.AN,RP02,,Lalawigan|Probinsya,Province,"19670617",Present,,Butuan City,,,PH.AN.BT,,,Lungsod|Siyudad,City,Unknown,Present,,Don Francisco,,,,Barangay,Village,Unknown,Present,,,,,,,,,,,,,,0.07823304641,0.00032738446,Don Francisco,"160202102",0.221199999004602,0.228499993681908,0.0328109727259198,0.163000002503395,0.272000014781952
"74583",PHL,Pilipinas,Agusan del Norte,,,PH.AN,RP02,,Lalawigan|Probinsya,Province,"19670617",Present,,Butuan City,,,PH.AN.BT,,,Lungsod|Siyudad,City,Unknown,Present,,Nong-Nong,,,,Barangay,Village,Unknown,Present,,,,,,,,,,,,,,0.16362241280,0.00139536170,Nong-nong,"160202096",0.217952380932513,0.218000002205372,0.0304141668195075,0.142999991774559,0.32600000500679
"74598",PHL,Pilipinas,Agusan del Norte,,,PH.AN,RP02,,Lalawigan|Probinsya,Province,"19670617",Present,,Butuan City,,,PH.AN.BT,,,Lungsod|Siyudad,City,Unknown,Present,,Bilay,,,,Barangay,Village,Unknown,Present,,,,,,,,,,,,,,0.09715384171,0.00049476243,Bilay,"160202021",0.239903227456154,0.231000006198883,0.0414957076088936,0.173000007867813,0.358999997377396
"74606",PHL,Pilipinas,Agusan del Norte,,,PH.AN,RP02,,Lalawigan|Probinsya,Province,"19670617",Present,,Butuan City,,,PH.AN.BT,,,Lungsod|Siyudad,City,Unknown,Present,,Bitan-Agan,,,,Barangay,Village,Unknown,Present,,,,,,,,,,,,,,0.11346511847,0.00065930738,Bitan-agan,"160202023",0.226833332862173,0.23200000077486,0.027823352277732,0.155000001192093,0.270999997854233
"74641",PHL,Pilipinas,Agusan del Norte,,,PH.AN,RP02,,Lalawigan|Probinsya,Province,"19670617",Present,,Butuan City,,,PH.AN.BT,,,Lungsod|Siyudad,City,Unknown,Present,,Tungao,,,,Barangay,Village,Unknown,Present,,,,,,,,,,,,,,0.51343718606,0.00640804937,Tungao,"160202087",0.206335038365915,0.199000000953674,0.0474531155303897,0.129000008106232,0.733999967575073
"74643",PHL,Pilipinas,Agusan del Norte,,,PH.AN,RP02,,Lalawigan|Probinsya,Province,"19670617",Present,,Butuan City,,,PH.AN.BT,,,Lungsod|Siyudad,City,Unknown,Present,,Dulag,,,,Barangay,Village,Unknown,Present,,,,,,,,,,,,,,0.13413997722,0.00085201038,Dulag,"160202094",0.256647058269557,0.226999998092651,0.106502658442701,0.165000006556511,0.796000003814697
"74661",PHL,Pilipinas,Agusan del Norte,,,PH.AN,RP02,,Lalawigan|Probinsya,Province,"19670617",Present,,Butuan City,,,PH.AN.BT,,,Lungsod|Siyudad,City,Unknown,Present,,Maguinda,,,,Barangay,Village,Unknown,Present,,,,,,,,,,,,,,0.14952741714,0.00130732071,Maguinda,"160202060",0.219051282184246,0.21849999576807,0.0342363184467534,0.152999997138977,0.349999994039536
"74673",PHL,Pilipinas,Agusan del Norte,,,PH.AN,RP02,,Lalawigan|Probinsya,Province,"19670617",Present,,Butuan City,,,PH.AN.BT,,,Lungsod|Siyudad,City,Unknown,Present,,Florida,,,,Barangay,Village,Unknown,Present,,,,,,,,,,,,,,0.30381229740,0.00149093429,Florida,"160202095",0.192556701062881,0.190999999642372,0.0265687089524525,0.135999992489815,0.282000005245209
"74678",PHL,Pilipinas,Agusan del Norte,,,PH.AN,RP02,,Lalawigan|Probinsya,Province,"19670617",Present,,Butuan City,,,PH.AN.BT,,,Lungsod|Siyudad,City,Unknown,Present,,Manila de Bugabus,,,,Barangay,Village,Unknown,Present,,,,,,,,,,,,,,0.20994335421,0.00172767963,Manila de Bugabus,"160202065",0.225425743525571,0.216000005602837,0.0549160203669468,0.160999998450279,0.423000007867813
"74685",PHL,Pilipinas,Agusan del Norte,,,PH.AN,RP02,,Lalawigan|Probinsya,Province,"19670617",Present,,Butuan City,,,PH.AN.BT,,,Lungsod|Siyudad,City,Unknown,Present,,Bugabus,,,,Barangay,Village,Unknown,Present,,,,,,,,,,,,,,0.11085227595,0.00067805099,Bugabus,"160202026",0.342131580569242,0.278999999165535,0.167469430592585,0.185000002384186,0.91100001335144
"74740",PHL,Pilipinas,Agusan del Norte,,,PH.AN,RP02,,Lalawigan|Probinsya,Province,"19670617",Present,,Butuan City,,,PH.AN.BT,,,Lungsod|Siyudad,City,Unknown,Present,,San Mateo,,,,Barangay,Village,Unknown,Present,,,,,,,,,,,,,,0.08766745425,0.00034902925,San Mateo,"160202076",0.245565220713615,0.245000004768372,0.0445321832048824,0.199000000953674,0.379999995231628
