OBJECTID,ISO,NAME_0,NAME_1,VARNAME_1,NL_NAME_1,HASC_1,FIPS_1,CC_1,TYPE_1,ENGTYPE_1,VALIDFR_1,VALIDTO_1,REMARKS_1,NAME_2,VARNAME_2,NL_NAME_2,HASC_2,FIPS_2,CC_2,TYPE_2,ENGTYPE_2,VALIDFR_2,VALIDTO_2,REMARKS_2,NAME_3,VARNAME_3,NL_NAME_3,HASC_3,TYPE_3,ENGTYPE_3,VALIDFR_3,VALIDTO_3,REMARKS_3,NAME_4,VARNAME_4,TYPE_4,ENGTYPE_4,VALIDFR_4,VALIDTO_4,REMARKS_4,NAME_5,TYPE_5,ENGTYPE_5,VALIDFR_5,VALIDTO_5,Shape_Leng,Shape_Area,bngy,psgc_bgy,LENGTH,COUNT
"71375",PHL,Pilipinas,Agusan del Norte,,,PH.AN,RP02,,Lalawigan|Probinsya,Province,"19670617",Present,,Butuan City,,,PH.AN.BT,,,Lungsod|Siyudad,City,Unknown,Present,,Mandamo,,,,Barangay,Village,Unknown,Present,,,,,,,,,,,,,,0.16326090166,0.00095739825,Mandamo,"160202064",12142.3615795061,11
"71388",PHL,Pilipinas,Agusan del Norte,,,PH.AN,RP02,,Lalawigan|Probinsya,Province,"19670617",Present,,Butuan City,,,PH.AN.BT,,,Lungsod|Siyudad,City,Unknown,Present,,Dankias,,,,Barangay,Village,Unknown,Present,,,,,,,,,,,,,,0.11590464115,0.00057124612,Dankias,"160202036",18161.6760496465,38
"74106",PHL,Pilipinas,Agusan del Norte,,,PH.AN,RP02,,Lalawigan|Probinsya,Province,"19670617",Present,,Butuan City,,,PH.AN.BT,,,Lungsod|Siyudad,City,Unknown,Present,,Baobaoan,,,,Barangay,Village,Unknown,Present,,,,,,,,,,,,,,0.12852021081,0.00105676728,Baobaoan,"160202018",18076.8570610422,39
"74108",PHL,Pilipinas,Agusan del Norte,,,PH.AN,RP02,,Lalawigan|Probinsya,Province,"19670617",Present,,Butuan City,,,PH.AN.BT,,,Lungsod|Siyudad,City,Unknown,Present,,Anticala,,,,Barangay,Village,Unknown,Present,,,,,,,,,,,,,,0.24363666562,0.00237006167,Anticala,"160202008",1565.34723724582,1
"74189",PHL,Pilipinas,Agusan del Norte,,,PH.AN,RP02,,Lalawigan|Probinsya,Province,"19670617",Present,,Butuan City,,,PH.AN.BT,,,Lungsod|Siyudad,City,Unknown,Present,,Cabcabon,,,,Barangay,Village,Unknown,Present,,,,,,,,,,,,,,0.09118813764,0.00046151295,Cabcabon,"160202029",6672.4538138963,6
"74192",PHL,Pilipinas,Agusan del Norte,,,PH.AN,RP02,,Lalawigan|Probinsya,Province,"19670617",Present,,Butuan City,,,PH.AN.BT,,,Lungsod|Siyudad,City,Unknown,Present,,Bobon,,,,Barangay,Village,Unknown,Present,,,,,,,,,,,,,,0.09225914150,0.00035568685,Bobon,"160202024",6521.21859829852,9
"74193",PHL,Pilipinas,Agusan del Norte,,,PH.AN,RP02,,Lalawigan|Probinsya,Province,"19670617",Present,,Butuan City,,,PH.AN.BT,,,Lungsod|Siyudad,City,Unknown,Present,,Banza,,,,Barangay,Village,Unknown,Present,,,,,,,,,,,,,,0.13286754892,0.00059708392,Banza,"160202017",9766.53791327871,17
"74194",PHL,Pilipinas,Agusan del Norte,,,PH.AN,RP02,,Lalawigan|Probinsya,Province,"19670617",Present,,Butuan City,,,PH.AN.BT,,,Lungsod|Siyudad,City,Unknown,Present,,Maug,,,,Barangay,Village,Unknown,Present,,,,,,,,,,,,,,0.07927340045,0.00034333285,Maug,"160202068",5632.08475413965,12
"74622",PHL,Pilipinas,Agusan del Norte,,,PH.AN,RP02,,Lalawigan|Probinsya,Province,"19670617",Present,,Butuan City,,,PH.AN.BT,,,Lungsod|Siyudad,City,Unknown,Present,,Sumile,,,,Barangay,Village,Unknown,Present,,,,,,,,,,,,,,0.16762917993,0.00106161539,Sumile,"160202101",7543.09049947201,19
"74104",PHL,Pilipinas,Agusan del Norte,,,PH.AN,RP02,,Lalawigan|Probinsya,Province,"19670617",Present,,Butuan City,,,PH.AN.BT,,,Lungsod|Siyudad,City,Unknown,Present,,Santo Nino,,,,Barangay,Village,Unknown,Present,,,,,,,,,,,,,,0.13436570505,0.00076547528,Santo Niño,"160202100",12708.6668371028,19
"74129",PHL,Pilipinas,Agusan del Norte,,,PH.AN,RP02,,Lalawigan|Probinsya,Province,"19670617",Present,,Butuan City,,,PH.AN.BT,,,Lungsod|Siyudad,City,Unknown,Present,,Los Angeles,,,,Barangay,Village,Unknown,Present,,,,,,,,,,,,,,0.13496963647,0.00057281422,Los Angeles,"160202056",3058.86301571818,8
"74159",PHL,Pilipinas,Agusan del Norte,,,PH.AN,RP02,,Lalawigan|Probinsya,Province,"19670617",Present,,Butuan City,,,PH.AN.BT,,,Lungsod|Siyudad,City,Unknown,Present,,Sumilihon,,,,Barangay,Village,Unknown,Present,,,,,,,,,,,,,,0.13630038392,0.00066180852,Sumilihon,"160202080",16615.8332967603,48
"74167",PHL,Pilipinas,Agusan del Norte,,,PH.AN,RP02,,Lalawigan|Probinsya,Province,"19670617",Present,,Butuan City,,,PH.AN.BT,,,Lungsod|Siyudad,City,Unknown,Present,,Pianing,,,,Barangay,Village,Unknown,Present,,,,,,,,,,,,,,0.21747730925,0.00185564527,Pianing,"160202072",15931.8703429117,11
"74178",PHL,Pilipinas,Agusan del Norte,,,PH.AN,RP02,,Lalawigan|Probinsya,Province,"19670617",Present,,Butuan City,,,PH.AN.BT,,,Lungsod|Siyudad,City,Unknown,Present,,Lumbocan,,,,Barangay,Village,Unknown,Present,,,,,,,,,,,,,,0.10282171949,0.00048284051,Lumbocan,"160202057",9905.48728339629,46
"74180",PHL,Pilipinas,Agusan del Norte,,,PH.AN,RP02,,Lalawigan|Probinsya,Province,"19670617",Present,,Butuan City,,,PH.AN.BT,,,Lungsod|Siyudad,City,Unknown,Present,,Taguibo,,,,Barangay,Village,Unknown,Present,,,,,,,,,,,,,,0.14032314538,0.00070818907,Taguibo,"160202083",10182.8217989765,22
"74181",PHL,Pilipinas,Agusan del Norte,,,PH.AN,RP02,,Lalawigan|Probinsya,Province,"19670617",Present,,Butuan City,,,PH.AN.BT,,,Lungsod|Siyudad,City,Unknown,Present,,Pagatpatan,,,,Barangay,Village,Unknown,Present,,,,,,,,,,,,,,0.07345705598,0.00023594789,Pagatpatan,"160202097",7704.57286972198,40
"74200",PHL,Pilipinas,Agusan del Norte,,,PH.AN,RP02,,Lalawigan|Probinsya,Province,"19670617",Present,,Butuan City,,,PH.AN.BT,,,Lungsod|Siyudad,City,Unknown,Present,,Masao,,,,Barangay,Village,Unknown,Present,,,,,,,,,,,,,,0.10493623697,0.00045654238,Masao,"160202067",10297.2179938211,22
"74221",PHL,Pilipinas,Agusan del Norte,,,PH.AN,RP02,,Lalawigan|Probinsya,Province,"19670617",Present,,Butuan City,,,PH.AN.BT,,,Lungsod|Siyudad,City,Unknown,Present,,Tiniwisan,,,,Barangay,Village,Unknown,Present,,,,,,,,,,,,,,0.09799882048,0.00038282935,Tiniwisan,"160202086",8631.47509921132,22
"74225",PHL,Pilipinas,Agusan del Norte,,,PH.AN,RP02,,Lalawigan|Probinsya,Province,"19670617",Present,,Butuan City,,,PH.AN.BT,,,Lungsod|Siyudad,City,Unknown,Present,,Ampayon,,,,Barangay,Village,Unknown,Present,,,,,,,,,,,,,,0.20409068601,0.00127043262,Ampayon,"160202007",32803.5286117891,73
"74226",PHL,Pilipinas,Agusan del Norte,,,PH.AN,RP02,,Lalawigan|Probinsya,Province,"19670617",Present,,Butuan City,,,PH.AN.BT,,,Lungsod|Siyudad,City,Unknown,Present,,Pinamanculan,,,,Barangay,Village,Unknown,Present,,,,,,,,,,,,,,0.13456477007,0.00100267242,Pinamanculan,"160202073",24169.2013110204,51
"74251",PHL,Pilipinas,Agusan del Norte,,,PH.AN,RP02,,Lalawigan|Probinsya,Province,"19670617",Present,,Butuan City,,,PH.AN.BT,,,Lungsod|Siyudad,City,Unknown,Present,,Bugsukan,,,,Barangay,Village,Unknown,Present,,,,,,,,,,,,,,0.14024292698,0.00077930491,Bugsukan,"160202092",245.437303313449,1
"74253",PHL,Pilipinas,Agusan del Norte,,,PH.AN,RP02,,Lalawigan|Probinsya,Province,"19670617",Present,,Butuan City,,,PH.AN.BT,,,Lungsod|Siyudad,City,Unknown,Present,,Babag,,,,Barangay,Village,Unknown,Present,,,,,,,,,,,,,,0.07245840728,0.00025290070,Babag,"160202013",16416.4449634369,101
"74254",PHL,Pilipinas,Agusan del Norte,,,PH.AN,RP02,,Lalawigan|Probinsya,Province,"19670617",Present,,Butuan City,,,PH.AN.BT,,,Lungsod|Siyudad,City,Unknown,Present,,Agusan Pequeno,,,,Barangay,Village,Unknown,Present,,,,,,,,,,,,,,0.06265382615,0.00012680060,Agusan Pequeño,"160202003",4175.05298923644,14
"74256",PHL,Pilipinas,Agusan del Norte,,,PH.AN,RP02,,Lalawigan|Probinsya,Province,"19670617",Present,,Butuan City,,,PH.AN.BT,,,Lungsod|Siyudad,City,Unknown,Present,,Antongalon,,,,Barangay,Village,Unknown,Present,,,,,,,,,,,,,,0.13273145654,0.00070760201,Antongalon,"160202009",5213.94451414513,4
"74264",PHL,Pilipinas,Agusan del Norte,,,PH.AN,RP02,,Lalawigan|Probinsya,Province,"19670617",Present,,Butuan City,,,PH.AN.BT,,,Lungsod|Siyudad,City,Unknown,Present,,Ambago,,,,Barangay,Village,Unknown,Present,,,,,,,,,,,,,,0.07656035406,0.00033248906,Ambago,"160202004",12775.4865387682,61
"74273",PHL,Pilipinas,Agusan del Norte,,,PH.AN,RP02,,Lalawigan|Probinsya,Province,"19670617",Present,,Butuan City,,,PH.AN.BT,,,Lungsod|Siyudad,City,Unknown,Present,,Bading Pob. (Bgy. 22),,,,Barangay,Village,Unknown,Present,,,,,,,,,,,,,,0.04633075293,0.00011970579,Bading Pob. (Bgy. 22),"160202014",4521.48070542168,10
"74278",PHL,Pilipinas,Agusan del Norte,,,PH.AN,RP02,,Lalawigan|Probinsya,Province,"19670617",Present,,Butuan City,,,PH.AN.BT,,,Lungsod|Siyudad,City,Unknown,Present,,Baan Km 3,,,,Barangay,Village,Unknown,Present,,,,,,,,,,,,,,0.12886885641,0.00070966874,Baan KM 3,"160202012",43434.7630337258,195
"74291",PHL,Pilipinas,Agusan del Norte,,,PH.AN,RP02,,Lalawigan|Probinsya,Province,"19670617",Present,,Butuan City,,,PH.AN.BT,,,Lungsod|Siyudad,City,Unknown,Present,,Mahogany Pob. (Bgy. 21),,,,Barangay,Village,Unknown,Present,,,,,,,,,,,,,,0.04148997492,0.00007390272,Mahogany Pob. (Bgy. 21),"160202062",1583.9882292753,2
"74300",PHL,Pilipinas,Agusan del Norte,,,PH.AN,RP02,,Lalawigan|Probinsya,Province,"19670617",Present,,Butuan City,,,PH.AN.BT,,,Lungsod|Siyudad,City,Unknown,Present,,Obrero Pob. (Bgy. 18),,,,Barangay,Village,Unknown,Present,,,,,,,,,,,,,,0.03050394866,0.00002412381,Obrero Pob. (Bgy. 18),"160202091",399.919982105917,6
"74306",PHL,Pilipinas,Agusan del Norte,,,PH.AN,RP02,,Lalawigan|Probinsya,Province,"19670617",Present,,Butuan City,,,PH.AN.BT,,,Lungsod|Siyudad,City,Unknown,Present,,Port Poyohon Pob. (Bgy. 17 - New Asia),,,,Barangay,Village,Unknown,Present,,,,,,,,,,,,,,0.03423274058,0.00003679178,Port Poyohon Pob. (Bgy. 17 - New Asia),"160202069",465.445743676646,3
"74307",PHL,Pilipinas,Agusan del Norte,,,PH.AN,RP02,,Lalawigan|Probinsya,Province,"19670617",Present,,Butuan City,,,PH.AN.BT,,,Lungsod|Siyudad,City,Unknown,Present,,Dumalagan,,,,Barangay,Village,Unknown,Present,,,,,,,,,,,,,,0.15568379220,0.00104213985,Dumalagan,"160202040",29273.5345153653,76
"74316",PHL,Pilipinas,Agusan del Norte,,,PH.AN,RP02,,Lalawigan|Probinsya,Province,"19670617",Present,,Butuan City,,,PH.AN.BT,,,Lungsod|Siyudad,City,Unknown,Present,,Holy Redeemer Pob. (Bgy. 23),,,,Barangay,Village,Unknown,Present,,,,,,,,,,,,,,0.03058496975,0.00003619503,Holy Redeemer Pob. (Bgy. 23),"160202047",1701.56588248178,8
"74326",PHL,Pilipinas,Agusan del Norte,,,PH.AN,RP02,,Lalawigan|Probinsya,Province,"19670617",Present,,Butuan City,,,PH.AN.BT,,,Lungsod|Siyudad,City,Unknown,Present,,Ong Yiu Pob. (Bgy. 16),,,,Barangay,Village,Unknown,Present,,,,,,,,,,,,,,0.03459356609,0.00005611431,Ong Yiu Pob. (Bgy. 16),"160202071",1168.61638742272,4
"74330",PHL,Pilipinas,Agusan del Norte,,,PH.AN,RP02,,Lalawigan|Probinsya,Province,"19670617",Present,,Butuan City,,,PH.AN.BT,,,Lungsod|Siyudad,City,Unknown,Present,,Doongan,,,,Barangay,Village,Unknown,Present,,,,,,,,,,,,,,0.06649021986,0.00019878852,Doongan,"160202039",24609.7765138495,168
"74334",PHL,Pilipinas,Agusan del Norte,,,PH.AN,RP02,,Lalawigan|Probinsya,Province,"19670617",Present,,Butuan City,,,PH.AN.BT,,,Lungsod|Siyudad,City,Unknown,Present,,Lemon,,,,Barangay,Village,Unknown,Present,,,,,,,,,,,,,,0.09249777509,0.00041281749,Lemon,"160202052",32490.8277097663,167
"74340",PHL,Pilipinas,Agusan del Norte,,,PH.AN,RP02,,Lalawigan|Probinsya,Province,"19670617",Present,,Butuan City,,,PH.AN.BT,,,Lungsod|Siyudad,City,Unknown,Present,,Baan Riverside Pob. (Bgy. 20),,,,Barangay,Village,Unknown,Present,,,,,,,,,,,,,,0.03016694166,0.00004172350,Baan Riverside Pob. (Bgy. 20),"160202033",1142.47953929956,3
"74343",PHL,Pilipinas,Agusan del Norte,,,PH.AN,RP02,,Lalawigan|Probinsya,Province,"19670617",Present,,Butuan City,,,PH.AN.BT,,,Lungsod|Siyudad,City,Unknown,Present,,Bayanihan Pob. (Bgy. 27),,,,Barangay,Village,Unknown,Present,,,,,,,,,,,,,,0.05767957834,0.00009732497,Bayanihan Pob. (Bgy. 27),"160202020",17234.2452328732,113
"74344",PHL,Pilipinas,Agusan del Norte,,,PH.AN,RP02,,Lalawigan|Probinsya,Province,"19670617",Present,,Butuan City,,,PH.AN.BT,,,Lungsod|Siyudad,City,Unknown,Present,,San Ignacio Pob. (Bgy. 15),,,,Barangay,Village,Unknown,Present,,,,,,,,,,,,,,0.02876358847,0.00002121689,San Ignacio Pob. (Bgy. 15),"160202075",609.026374656947,4
"74349",PHL,Pilipinas,Agusan del Norte,,,PH.AN,RP02,,Lalawigan|Probinsya,Province,"19670617",Present,,Butuan City,,,PH.AN.BT,,,Lungsod|Siyudad,City,Unknown,Present,,Libertad,,,,Barangay,Village,Unknown,Present,,,,,,,,,,,,,,0.11160519689,0.00067070999,Libertad,"160202054",99040.5188532544,480
"74352",PHL,Pilipinas,Agusan del Norte,,,PH.AN,RP02,,Lalawigan|Probinsya,Province,"19670617",Present,,Butuan City,,,PH.AN.BT,,,Lungsod|Siyudad,City,Unknown,Present,,Buhangin Pob. (Bgy. 19),,,,Barangay,Village,Unknown,Present,,,,,,,,,,,,,,0.05431492570,0.00017109003,Buhangin Pob. (Bgy. 19),"160202027",7842.11257852499,42
"74353",PHL,Pilipinas,Agusan del Norte,,,PH.AN,RP02,,Lalawigan|Probinsya,Province,"19670617",Present,,Butuan City,,,PH.AN.BT,,,Lungsod|Siyudad,City,Unknown,Present,,Bancasi,,,,Barangay,Village,Unknown,Present,,,,,,,,,,,,,,0.15508286098,0.00087752026,Bancasi,"160202016",62538.2691189748,255
"74360",PHL,Pilipinas,Agusan del Norte,,,PH.AN,RP02,,Lalawigan|Probinsya,Province,"19670617",Present,,Butuan City,,,PH.AN.BT,,,Lungsod|Siyudad,City,Unknown,Present,,Leon Kilat Pob. (Bgy. 13),,,,Barangay,Village,Unknown,Present,,,,,,,,,,,,,,0.02613510198,0.00001666935,Leon Kilat Pob. (Bgy. 13),"160202053",340.424023197973,3
"74366",PHL,Pilipinas,Agusan del Norte,,,PH.AN,RP02,,Lalawigan|Probinsya,Province,"19670617",Present,,Butuan City,,,PH.AN.BT,,,Lungsod|Siyudad,City,Unknown,Present,,Limaha Pob. (Bgy. 14),,,,Barangay,Village,Unknown,Present,,,,,,,,,,,,,,0.01748397610,0.00002010618,Limaha Pob. (Bgy. 14),"160202055",409.891546835693,4
"74368",PHL,Pilipinas,Agusan del Norte,,,PH.AN,RP02,,Lalawigan|Probinsya,Province,"19670617",Present,,Butuan City,,,PH.AN.BT,,,Lungsod|Siyudad,City,Unknown,Present,,Humabon Pob. (Bgy. 11),,,,Barangay,Village,Unknown,Present,,,,,,,,,,,,,,0.01587608541,0.00000784221,Humabon Pob. (Bgy. 11),"160202048",344.521060917359,3
"74370",PHL,Pilipinas,Agusan del Norte,,,PH.AN,RP02,,Lalawigan|Probinsya,Province,"19670617",Present,,Butuan City,,,PH.AN.BT,,,Lungsod|Siyudad,City,Unknown,Present,,Sikatuna Pob. (Bgy. 10),,,,Barangay,Village,Unknown,Present,,,,,,,,,,,,,,0.01503214127,0.00000473177,Sikatuna Pob. (Bgy. 10),"160202078",210.589743750182,2
"74375",PHL,Pilipinas,Agusan del Norte,,,PH.AN,RP02,,Lalawigan|Probinsya,Province,"19670617",Present,,Butuan City,,,PH.AN.BT,,,Lungsod|Siyudad,City,Unknown,Present,,Urduja Pob. (Bgy. 9),,,,Barangay,Village,Unknown,Present,,,,,,,,,,,,,,0.01572401123,0.00000753441,Urduja Pob. (Bgy. 9),"160202089",577.958424670553,5
"74377",PHL,Pilipinas,Agusan del Norte,,,PH.AN,RP02,,Lalawigan|Probinsya,Province,"19670617",Present,,Butuan City,,,PH.AN.BT,,,Lungsod|Siyudad,City,Unknown,Present,,Tandang Sora Pob. (Bgy. 12),,,,Barangay,Village,Unknown,Present,,,,,,,,,,,,,,0.02612216577,0.00002396384,Tandang Sora Pob. (Bgy. 12),"160202085",889.725816863873,7
"74378",PHL,Pilipinas,Agusan del Norte,,,PH.AN,RP02,,Lalawigan|Probinsya,Province,"19670617",Present,,Butuan City,,,PH.AN.BT,,,Lungsod|Siyudad,City,Unknown,Present,,Taligaman,,,,Barangay,Village,Unknown,Present,,,,,,,,,,,,,,0.09636985915,0.00046834818,Taligaman,"160202084",2679.80471898687,2
"74380",PHL,Pilipinas,Agusan del Norte,,,PH.AN,RP02,,Lalawigan|Probinsya,Province,"19670617",Present,,Butuan City,,,PH.AN.BT,,,Lungsod|Siyudad,City,Unknown,Present,,Silongan Pob. (Bgy. 5),,,,Barangay,Village,Unknown,Present,,,,,,,,,,,,,,0.00990807139,0.00000444951,Silongan Pob. (Bgy. 5),"160202079",175.223842037429,4
"74387",PHL,Pilipinas,Agusan del Norte,,,PH.AN,RP02,,Lalawigan|Probinsya,Province,"19670617",Present,,Butuan City,,,PH.AN.BT,,,Lungsod|Siyudad,City,Unknown,Present,,Diego Silang Pob. (Bgy. 6),,,,Barangay,Village,Unknown,Present,,,,,,,,,,,,,,0.01754935060,0.00001954009,Diego Silang Pob. (Bgy. 6),"160202038",608.718670937135,9
"74390",PHL,Pilipinas,Agusan del Norte,,,PH.AN,RP02,,Lalawigan|Probinsya,Province,"19670617",Present,,Butuan City,,,PH.AN.BT,,,Lungsod|Siyudad,City,Unknown,Present,,Rajah Soliman Pob. (Bgy. 4),,,,Barangay,Village,Unknown,Present,,,,,,,,,,,,,,0.00978485919,0.00000504385,Rajah Soliman Pob. (Bgy. 4),"160202074",0,0
"74391",PHL,Pilipinas,Agusan del Norte,,,PH.AN,RP02,,Lalawigan|Probinsya,Province,"19670617",Present,,Butuan City,,,PH.AN.BT,,,Lungsod|Siyudad,City,Unknown,Present,,Imadejas Pob. (Bgy. 24),,,,Barangay,Village,Unknown,Present,,,,,,,,,,,,,,0.04147259609,0.00007073054,Imadejas Pob. (Bgy. 24),"160202037",8032.35472002687,56
"74392",PHL,Pilipinas,Agusan del Norte,,,PH.AN,RP02,,Lalawigan|Probinsya,Province,"19670617",Present,,Butuan City,,,PH.AN.BT,,,Lungsod|Siyudad,City,Unknown,Present,,New Society Village Pob. (Bgy. 26),,,,Barangay,Village,Unknown,Present,,,,,,,,,,,,,,0.00928248760,0.00000542411,New Society Village Pob. (Bgy. 26),"160202070",1316.64840745359,12
"74393",PHL,Pilipinas,Agusan del Norte,,,PH.AN,RP02,,Lalawigan|Probinsya,Province,"19670617",Present,,Butuan City,,,PH.AN.BT,,,Lungsod|Siyudad,City,Unknown,Present,,Lapu-Lapu Pob. (Bgy. 8),,,,Barangay,Village,Unknown,Present,,,,,,,,,,,,,,0.01663943100,0.00001073612,Lapu-lapu Pob. (Bgy. 8),"160202051",845.25269147947,9
"74394",PHL,Pilipinas,Agusan del Norte,,,PH.AN,RP02,,Lalawigan|Probinsya,Province,"19670617",Present,,Butuan City,,,PH.AN.BT,,,Lungsod|Siyudad,City,Unknown,Present,,Agao Pob. (Bgy. 3),,,,Barangay,Village,Unknown,Present,,,,,,,,,,,,,,0.00940131514,0.00000464154,Agao Pob. (Bgy. 3),"160202002",0,0
"74399",PHL,Pilipinas,Agusan del Norte,,,PH.AN,RP02,,Lalawigan|Probinsya,Province,"19670617",Present,,Butuan City,,,PH.AN.BT,,,Lungsod|Siyudad,City,Unknown,Present,,Dagohoy Pob. (Bgy. 7),,,,Barangay,Village,Unknown,Present,,,,,,,,,,,,,,0.02392662446,0.00002564414,Dagohoy Pob. (Bgy. 7),"160202044",3555.38329400866,26
"74400",PHL,Pilipinas,Agusan del Norte,,,PH.AN,RP02,,Lalawigan|Probinsya,Province,"19670617",Present,,Butuan City,,,PH.AN.BT,,,Lungsod|Siyudad,City,Unknown,Present,,Golden Ribbon Pob. (Bgy. 2),,,,Barangay,Village,Unknown,Present,,,,,,,,,,,,,,0.02459329501,0.00002801302,Golden Ribbon Pob. (Bgy. 2),"160202043",0,0
"74406",PHL,Pilipinas,Agusan del Norte,,,PH.AN,RP02,,Lalawigan|Probinsya,Province,"19670617",Present,,Butuan City,,,PH.AN.BT,,,Lungsod|Siyudad,City,Unknown,Present,,Basag,,,,Barangay,Village,Unknown,Present,,,,,,,,,,,,,,0.16207878218,0.00092114878,Basag,"160202019",12923.5131180825,31
"74414",PHL,Pilipinas,Agusan del Norte,,,PH.AN,RP02,,Lalawigan|Probinsya,Province,"19670617",Present,,Butuan City,,,PH.AN.BT,,,Lungsod|Siyudad,City,Unknown,Present,,Jose Rizal Pob. (Bgy. 25),,,,Barangay,Village,Unknown,Present,,,,,,,,,,,,,,0.02833522819,0.00003626608,Jose Rizal Pob. (Bgy. 25),"160202045",3090.13969125367,16
"74418",PHL,Pilipinas,Agusan del Norte,,,PH.AN,RP02,,Lalawigan|Probinsya,Province,"19670617",Present,,Butuan City,,,PH.AN.BT,,,Lungsod|Siyudad,City,Unknown,Present,,Mahay,,,,Barangay,Village,Unknown,Present,,,,,,,,,,,,,,0.15757310997,0.00085255608,Mahay,"160202061",38058.9901030981,177
"74421",PHL,Pilipinas,Agusan del Norte,,,PH.AN,RP02,,Lalawigan|Probinsya,Province,"19670617",Present,,Butuan City,,,PH.AN.BT,,,Lungsod|Siyudad,City,Unknown,Present,,Maon Pob. (Bgy. 1),,,,Barangay,Village,Unknown,Present,,,,,,,,,,,,,,0.02055063469,0.00002290718,Maon Pob. (Bgy. 1),"160202066",1571.68782159243,17
"74424",PHL,Pilipinas,Agusan del Norte,,,PH.AN,RP02,,Lalawigan|Probinsya,Province,"19670617",Present,,Butuan City,,,PH.AN.BT,,,Lungsod|Siyudad,City,Unknown,Present,,Villa Kananga,,,,Barangay,Village,Unknown,Present,,,,,,,,,,,,,,0.07232701264,0.00029742778,Villa Kananga,"160202090",40702.6558240203,229
"74425",PHL,Pilipinas,Agusan del Norte,,,PH.AN,RP02,,Lalawigan|Probinsya,Province,"19670617",Present,,Butuan City,,,PH.AN.BT,,,Lungsod|Siyudad,City,Unknown,Present,,Pangabugan,,,,Barangay,Village,Unknown,Present,,,,,,,,,,,,,,0.05187734553,0.00014734264,Pangabugan,"160202098",9313.54844047598,57
"74429",PHL,Pilipinas,Agusan del Norte,,,PH.AN,RP02,,Lalawigan|Probinsya,Province,"19670617",Present,,Butuan City,,,PH.AN.BT,,,Lungsod|Siyudad,City,Unknown,Present,,De Oro,,,,Barangay,Village,Unknown,Present,,,,,,,,,,,,,,0.11929940095,0.00061001294,De Oro,"160202093",5764.82413746613,10
"74432",PHL,Pilipinas,Agusan del Norte,,,PH.AN,RP02,,Lalawigan|Probinsya,Province,"19670617",Present,,Butuan City,,,PH.AN.BT,,,Lungsod|Siyudad,City,Unknown,Present,,Bonbon,,,,Barangay,Village,Unknown,Present,,,,,,,,,,,,,,0.10474712995,0.00047068996,Bonbon,"160202025",59730.5670192254,309
"74448",PHL,Pilipinas,Agusan del Norte,,,PH.AN,RP02,,Lalawigan|Probinsya,Province,"19670617",Present,,Butuan City,,,PH.AN.BT,,,Lungsod|Siyudad,City,Unknown,Present,,Tagabaca,,,,Barangay,Village,Unknown,Present,,,,,,,,,,,,,,0.11777312878,0.00070763229,Tagabaca,"160202082",23478.9432805299,51
"74452",PHL,Pilipinas,Agusan del Norte,,,PH.AN,RP02,,Lalawigan|Probinsya,Province,"19670617",Present,,Butuan City,,,PH.AN.BT,,,Lungsod|Siyudad,City,Unknown,Present,,Bit-Os,,,,Barangay,Village,Unknown,Present,,,,,,,,,,,,,,0.39856865728,0.00359265038,Bit-os,"160202022",108859.153946673,300
"74455",PHL,Pilipinas,Agusan del Norte,,,PH.AN,RP02,,Lalawigan|Probinsya,Province,"19670617",Present,,Butuan City,,,PH.AN.BT,,,Lungsod|Siyudad,City,Unknown,Present,,San Vicente,,,,Barangay,Village,Unknown,Present,,,,,,,,,,,,,,0.07571359322,0.00036125964,San Vicente,"160202077",19620.4541831606,70
"74457",PHL,Pilipinas,Agusan del Norte,,,PH.AN,RP02,,Lalawigan|Probinsya,Province,"19670617",Present,,Butuan City,,,PH.AN.BT,,,Lungsod|Siyudad,City,Unknown,Present,,Kinamlutan,,,,Barangay,Village,Unknown,Present,,,,,,,,,,,,,,0.07866048662,0.00037867715,Kinamlutan,"160202049",46787.9027196577,239
"74469",PHL,Pilipinas,Agusan del Norte,,,PH.AN,RP02,,Lalawigan|Probinsya,Province,"19670617",Present,,Butuan City,,,PH.AN.BT,,,Lungsod|Siyudad,City,Unknown,Present,,Camayahan,,,,Barangay,Village,Unknown,Present,,,,,,,,,,,,,,0.24507101084,0.00189891902,Camayahan,"160202031",14052.5566760968,28
"74471",PHL,Pilipinas,Agusan del Norte,,,PH.AN,RP02,,Lalawigan|Probinsya,Province,"19670617",Present,,Butuan City,,,PH.AN.BT,,,Lungsod|Siyudad,City,Unknown,Present,,Pigdaulan,,,,Barangay,Village,Unknown,Present,,,,,,,,,,,,,,0.10743043257,0.00056614790,Pigdaulan,"160202103",9587.37349666318,19
"74497",PHL,Pilipinas,Agusan del Norte,,,PH.AN,RP02,,Lalawigan|Probinsya,Province,"19670617",Present,,Butuan City,,,PH.AN.BT,,,Lungsod|Siyudad,City,Unknown,Present,,Aupagan,,,,Barangay,Village,Unknown,Present,,,,,,,,,,,,,,0.14382450670,0.00105626529,Aupagan,"160202010",30695.2614014681,52
"74537",PHL,Pilipinas,Agusan del Norte,,,PH.AN,RP02,,Lalawigan|Probinsya,Province,"19670617",Present,,Butuan City,,,PH.AN.BT,,,Lungsod|Siyudad,City,Unknown,Present,,Salvacion,,,,Barangay,Village,Unknown,Present,,,,,,,,,,,,,,0.12137988629,0.00056677291,Salvacion,"160202099",3444.49675347706,7
"74542",PHL,Pilipinas,Agusan del Norte,,,PH.AN,RP02,,Lalawigan|Probinsya,Province,"19670617",Present,,Butuan City,,,PH.AN.BT,,,Lungsod|Siyudad,City,Unknown,Present,,Amparo,,,,Barangay,Village,Unknown,Present,,,,,,,,,,,,,,0.24229876171,0.00187117971,Amparo,"160202006",52738.7253900629,106
"74573",PHL,Pilipinas,Agusan del Norte,,,PH.AN,RP02,,Lalawigan|Probinsya,Province,"19670617",Present,,Butuan City,,,PH.AN.BT,,,Lungsod|Siyudad,City,Unknown,Present,,Maibu,,,,Barangay,Village,Unknown,Present,,,,,,,,,,,,,,0.20588936148,0.00135092627,Maibu,"160202063",14859.9321498205,24
"74576",PHL,Pilipinas,Agusan del Norte,,,PH.AN,RP02,,Lalawigan|Probinsya,Province,"19670617",Present,,Butuan City,,,PH.AN.BT,,,Lungsod|Siyudad,City,Unknown,Present,,Don Francisco,,,,Barangay,Village,Unknown,Present,,,,,,,,,,,,,,0.07823304641,0.00032738446,Don Francisco,"160202102",1013.56412649477,2
"74583",PHL,Pilipinas,Agusan del Norte,,,PH.AN,RP02,,Lalawigan|Probinsya,Province,"19670617",Present,,Butuan City,,,PH.AN.BT,,,Lungsod|Siyudad,City,Unknown,Present,,Nong-Nong,,,,Barangay,Village,Unknown,Present,,,,,,,,,,,,,,0.16362241280,0.00139536170,Nong-nong,"160202096",11274.7023510987,6
"74598",PHL,Pilipinas,Agusan del Norte,,,PH.AN,RP02,,Lalawigan|Probinsya,Province,"19670617",Present,,Butuan City,,,PH.AN.BT,,,Lungsod|Siyudad,City,Unknown,Present,,Bilay,,,,Barangay,Village,Unknown,Present,,,,,,,,,,,,,,0.09715384171,0.00049476243,Bilay,"160202021",4521.73087723575,5
"74606",PHL,Pilipinas,Agusan del Norte,,,PH.AN,RP02,,Lalawigan|Probinsya,Province,"19670617",Present,,Butuan City,,,PH.AN.BT,,,Lungsod|Siyudad,City,Unknown,Present,,Bitan-Agan,,,,Barangay,Village,Unknown,Present,,,,,,,,,,,,,,0.11346511847,0.00065930738,Bitan-agan,"160202023",3396.06988111455,2
"74641",PHL,Pilipinas,Agusan del Norte,,,PH.AN,RP02,,Lalawigan|Probinsya,Province,"19670617",Present,,Butuan City,,,PH.AN.BT,,,Lungsod|Siyudad,City,Unknown,Present,,Tungao,,,,Barangay,Village,Unknown,Present,,,,,,,,,,,,,,0.51343718606,0.00640804937,Tungao,"160202087",77299.2757356004,87
"74643",PHL,Pilipinas,Agusan del Norte,,,PH.AN,RP02,,Lalawigan|Probinsya,Province,"19670617",Present,,Butuan City,,,PH.AN.BT,,,Lungsod|Siyudad,City,Unknown,Present,,Dulag,,,,Barangay,Village,Unknown,Present,,,,,,,,,,,,,,0.13413997722,0.00085201038,Dulag,"160202094",12412.7970182703,19
"74661",PHL,Pilipinas,Agusan del Norte,,,PH.AN,RP02,,Lalawigan|Probinsya,Province,"19670617",Present,,Butuan City,,,PH.AN.BT,,,Lungsod|Siyudad,City,Unknown,Present,,Maguinda,,,,Barangay,Village,Unknown,Present,,,,,,,,,,,,,,0.14952741714,0.00130732071,Maguinda,"160202060",20768.6544091433,27
"74673",PHL,Pilipinas,Agusan del Norte,,,PH.AN,RP02,,Lalawigan|Probinsya,Province,"19670617",Present,,Butuan City,,,PH.AN.BT,,,Lungsod|Siyudad,City,Unknown,Present,,Florida,,,,Barangay,Village,Unknown,Present,,,,,,,,,,,,,,0.30381229740,0.00149093429,Florida,"160202095",9660.0171740273,15
"74678",PHL,Pilipinas,Agusan del Norte,,,PH.AN,RP02,,Lalawigan|Probinsya,Province,"19670617",Present,,Butuan City,,,PH.AN.BT,,,Lungsod|Siyudad,City,Unknown,Present,,Manila de Bugabus,,,,Barangay,Village,Unknown,Present,,,,,,,,,,,,,,0.20994335421,0.00172767963,Manila de Bugabus,"160202065",24368.6314832654,43
"74685",PHL,Pilipinas,Agusan del Norte,,,PH.AN,RP02,,Lalawigan|Probinsya,Province,"19670617",Present,,Butuan City,,,PH.AN.BT,,,Lungsod|Siyudad,City,Unknown,Present,,Bugabus,,,,Barangay,Village,Unknown,Present,,,,,,,,,,,,,,0.11085227595,0.00067805099,Bugabus,"160202026",9869.88989537752,18
"74740",PHL,Pilipinas,Agusan del Norte,,,PH.AN,RP02,,Lalawigan|Probinsya,Province,"19670617",Present,,Butuan City,,,PH.AN.BT,,,Lungsod|Siyudad,City,Unknown,Present,,San Mateo,,,,Barangay,Village,Unknown,Present,,,,,,,,,,,,,,0.08766745425,0.00034902925,San Mateo,"160202076",6810.04619792554,11
