OBJECTID,ISO,NAME_0,NAME_1,VARNAME_1,NL_NAME_1,HASC_1,FIPS_1,CC_1,TYPE_1,ENGTYPE_1,VALIDFR_1,VALIDTO_1,REMARKS_1,NAME_2,VARNAME_2,NL_NAME_2,HASC_2,FIPS_2,CC_2,TYPE_2,ENGTYPE_2,VALIDFR_2,VALIDTO_2,REMARKS_2,NAME_3,VARNAME_3,NL_NAME_3,HASC_3,TYPE_3,ENGTYPE_3,VALIDFR_3,VALIDTO_3,REMARKS_3,NAME_4,VARNAME_4,TYPE_4,ENGTYPE_4,VALIDFR_4,VALIDTO_4,REMARKS_4,NAME_5,TYPE_5,ENGTYPE_5,VALIDFR_5,VALIDTO_5,Shape_Leng,Shape_Area,bngy,psgc_bgy,_count,_sum,_mean
"71375",PHL,Pilipinas,Agusan del Norte,,,PH.AN,RP02,,Lalawigan|Probinsya,Province,"19670617",Present,,Butuan City,,,PH.AN.BT,,,Lungsod|Siyudad,City,Unknown,Present,,Mandamo,,,,Barangay,Village,Unknown,Present,,,,,,,,,,,,,,0.16326090166,0.00095739825,Mandamo,"160202064",47,47,1
"71388",PHL,Pilipinas,Agusan del Norte,,,PH.AN,RP02,,Lalawigan|Probinsya,Province,"19670617",Present,,Butuan City,,,PH.AN.BT,,,Lungsod|Siyudad,City,Unknown,Present,,Dankias,,,,Barangay,Village,Unknown,Present,,,,,,,,,,,,,,0.11590464115,0.00057124612,Dankias,"160202036",267,267,1
"74106",PHL,Pilipinas,Agusan del Norte,,,PH.AN,RP02,,Lalawigan|Probinsya,Province,"19670617",Present,,Butuan City,,,PH.AN.BT,,,Lungsod|Siyudad,City,Unknown,Present,,Baobaoan,,,,Barangay,Village,Unknown,Present,,,,,,,,,,,,,,0.12852021081,0.00105676728,Baobaoan,"160202018",430,430,1
"74108",PHL,Pilipinas,Agusan del Norte,,,PH.AN,RP02,,Lalawigan|Probinsya,Province,"19670617",Present,,Butuan City,,,PH.AN.BT,,,Lungsod|Siyudad,City,Unknown,Present,,Anticala,,,,Barangay,Village,Unknown,Present,,,,,,,,,,,,,,0.24363666562,0.00237006167,Anticala,"160202008",55,55,1
"74189",PHL,Pilipinas,Agusan del Norte,,,PH.AN,RP02,,Lalawigan|Probinsya,Province,"19670617",Present,,Butuan City,,,PH.AN.BT,,,Lungsod|Siyudad,City,Unknown,Present,,Cabcabon,,,,Barangay,Village,Unknown,Present,,,,,,,,,,,,,,0.09118813764,0.00046151295,Cabcabon,"160202029",119,119,1
"74192",PHL,Pilipinas,Agusan del Norte,,,PH.AN,RP02,,Lalawigan|Probinsya,Province,"19670617",Present,,Butuan City,,,PH.AN.BT,,,Lungsod|Siyudad,City,Unknown,Present,,Bobon,,,,Barangay,Village,Unknown,Present,,,,,,,,,,,,,,0.09225914150,0.00035568685,Bobon,"160202024",49,49,1
"74193",PHL,Pilipinas,Agusan del Norte,,,PH.AN,RP02,,Lalawigan|Probinsya,Province,"19670617",Present,,Butuan City,,,PH.AN.BT,,,Lungsod|Siyudad,City,Unknown,Present,,Banza,,,,Barangay,Village,Unknown,Present,,,,,,,,,,,,,,0.13286754892,0.00059708392,Banza,"160202017",138,138,1
"74194",PHL,Pilipinas,Agusan del Norte,,,PH.AN,RP02,,Lalawigan|Probinsya,Province,"19670617",Present,,Butuan City,,,PH.AN.BT,,,Lungsod|Siyudad,City,Unknown,Present,,Maug,,,,Barangay,Village,Unknown,Present,,,,,,,,,,,,,,0.07927340045,0.00034333285,Maug,"160202068",160,160,1
"74622",PHL,Pilipinas,Agusan del Norte,,,PH.AN,RP02,,Lalawigan|Probinsya,Province,"19670617",Present,,Butuan City,,,PH.AN.BT,,,Lungsod|Siyudad,City,Unknown,Present,,Sumile,,,,Barangay,Village,Unknown,Present,,,,,,,,,,,,,,0.16762917993,0.00106161539,Sumile,"160202101",132,132,1
"74104",PHL,Pilipinas,Agusan del Norte,,,PH.AN,RP02,,Lalawigan|Probinsya,Province,"19670617",Present,,Butuan City,,,PH.AN.BT,,,Lungsod|Siyudad,City,Unknown,Present,,Santo Nino,,,,Barangay,Village,Unknown,Present,,,,,,,,,,,,,,0.13436570505,0.00076547528,Santo Niño,"160202100",122,122,1
"74129",PHL,Pilipinas,Agusan del Norte,,,PH.AN,RP02,,Lalawigan|Probinsya,Province,"19670617",Present,,Butuan City,,,PH.AN.BT,,,Lungsod|Siyudad,City,Unknown,Present,,Los Angeles,,,,Barangay,Village,Unknown,Present,,,,,,,,,,,,,,0.13496963647,0.00057281422,Los Angeles,"160202056",84,84,1
"74159",PHL,Pilipinas,Agusan del Norte,,,PH.AN,RP02,,Lalawigan|Probinsya,Province,"19670617",Present,,Butuan City,,,PH.AN.BT,,,Lungsod|Siyudad,City,Unknown,Present,,Sumilihon,,,,Barangay,Village,Unknown,Present,,,,,,,,,,,,,,0.13630038392,0.00066180852,Sumilihon,"160202080",411,411,1
"74167",PHL,Pilipinas,Agusan del Norte,,,PH.AN,RP02,,Lalawigan|Probinsya,Province,"19670617",Present,,Butuan City,,,PH.AN.BT,,,Lungsod|Siyudad,City,Unknown,Present,,Pianing,,,,Barangay,Village,Unknown,Present,,,,,,,,,,,,,,0.21747730925,0.00185564527,Pianing,"160202072",258,258,1
"74178",PHL,Pilipinas,Agusan del Norte,,,PH.AN,RP02,,Lalawigan|Probinsya,Province,"19670617",Present,,Butuan City,,,PH.AN.BT,,,Lungsod|Siyudad,City,Unknown,Present,,Lumbocan,,,,Barangay,Village,Unknown,Present,,,,,,,,,,,,,,0.10282171949,0.00048284051,Lumbocan,"160202057",327,327,1
"74180",PHL,Pilipinas,Agusan del Norte,,,PH.AN,RP02,,Lalawigan|Probinsya,Province,"19670617",Present,,Butuan City,,,PH.AN.BT,,,Lungsod|Siyudad,City,Unknown,Present,,Taguibo,,,,Barangay,Village,Unknown,Present,,,,,,,,,,,,,,0.14032314538,0.00070818907,Taguibo,"160202083",213,213,1
"74181",PHL,Pilipinas,Agusan del Norte,,,PH.AN,RP02,,Lalawigan|Probinsya,Province,"19670617",Present,,Butuan City,,,PH.AN.BT,,,Lungsod|Siyudad,City,Unknown,Present,,Pagatpatan,,,,Barangay,Village,Unknown,Present,,,,,,,,,,,,,,0.07345705598,0.00023594789,Pagatpatan,"160202097",120,120,1
"74200",PHL,Pilipinas,Agusan del Norte,,,PH.AN,RP02,,Lalawigan|Probinsya,Province,"19670617",Present,,Butuan City,,,PH.AN.BT,,,Lungsod|Siyudad,City,Unknown,Present,,Masao,,,,Barangay,Village,Unknown,Present,,,,,,,,,,,,,,0.10493623697,0.00045654238,Masao,"160202067",268,268,1
"74221",PHL,Pilipinas,Agusan del Norte,,,PH.AN,RP02,,Lalawigan|Probinsya,Province,"19670617",Present,,Butuan City,,,PH.AN.BT,,,Lungsod|Siyudad,City,Unknown,Present,,Tiniwisan,,,,Barangay,Village,Unknown,Present,,,,,,,,,,,,,,0.09799882048,0.00038282935,Tiniwisan,"160202086",218,218,1
"74225",PHL,Pilipinas,Agusan del Norte,,,PH.AN,RP02,,Lalawigan|Probinsya,Province,"19670617",Present,,Butuan City,,,PH.AN.BT,,,Lungsod|Siyudad,City,Unknown,Present,,Ampayon,,,,Barangay,Village,Unknown,Present,,,,,,,,,,,,,,0.20409068601,0.00127043262,Ampayon,"160202007",850,850,1
"74226",PHL,Pilipinas,Agusan del Norte,,,PH.AN,RP02,,Lalawigan|Probinsya,Province,"19670617",Present,,Butuan City,,,PH.AN.BT,,,Lungsod|Siyudad,City,Unknown,Present,,Pinamanculan,,,,Barangay,Village,Unknown,Present,,,,,,,,,,,,,,0.13456477007,0.00100267242,Pinamanculan,"160202073",358,358,1
"74251",PHL,Pilipinas,Agusan del Norte,,,PH.AN,RP02,,Lalawigan|Probinsya,Province,"19670617",Present,,Butuan City,,,PH.AN.BT,,,Lungsod|Siyudad,City,Unknown,Present,,Bugsukan,,,,Barangay,Village,Unknown,Present,,,,,,,,,,,,,,0.14024292698,0.00077930491,Bugsukan,"160202092",1.42737312756343,1.42737312756343,1
"74253",PHL,Pilipinas,Agusan del Norte,,,PH.AN,RP02,,Lalawigan|Probinsya,Province,"19670617",Present,,Butuan City,,,PH.AN.BT,,,Lungsod|Siyudad,City,Unknown,Present,,Babag,,,,Barangay,Village,Unknown,Present,,,,,,,,,,,,,,0.07245840728,0.00025290070,Babag,"160202013",531,531,1
"74254",PHL,Pilipinas,Agusan del Norte,,,PH.AN,RP02,,Lalawigan|Probinsya,Province,"19670617",Present,,Butuan City,,,PH.AN.BT,,,Lungsod|Siyudad,City,Unknown,Present,,Agusan Pequeno,,,,Barangay,Village,Unknown,Present,,,,,,,,,,,,,,0.06265382615,0.00012680060,Agusan Pequeño,"160202003",90,90,1
"74256",PHL,Pilipinas,Agusan del Norte,,,PH.AN,RP02,,Lalawigan|Probinsya,Province,"19670617",Present,,Butuan City,,,PH.AN.BT,,,Lungsod|Siyudad,City,Unknown,Present,,Antongalon,,,,Barangay,Village,Unknown,Present,,,,,,,,,,,,,,0.13273145654,0.00070760201,Antongalon,"160202009",64,64,1
"74264",PHL,Pilipinas,Agusan del Norte,,,PH.AN,RP02,,Lalawigan|Probinsya,Province,"19670617",Present,,Butuan City,,,PH.AN.BT,,,Lungsod|Siyudad,City,Unknown,Present,,Ambago,,,,Barangay,Village,Unknown,Present,,,,,,,,,,,,,,0.07656035406,0.00033248906,Ambago,"160202004",354,354,1
"74273",PHL,Pilipinas,Agusan del Norte,,,PH.AN,RP02,,Lalawigan|Probinsya,Province,"19670617",Present,,Butuan City,,,PH.AN.BT,,,Lungsod|Siyudad,City,Unknown,Present,,Bading Pob. (Bgy. 22),,,,Barangay,Village,Unknown,Present,,,,,,,,,,,,,,0.04633075293,0.00011970579,Bading Pob. (Bgy. 22),"160202014",146,146,1
"74278",PHL,Pilipinas,Agusan del Norte,,,PH.AN,RP02,,Lalawigan|Probinsya,Province,"19670617",Present,,Butuan City,,,PH.AN.BT,,,Lungsod|Siyudad,City,Unknown,Present,,Baan Km 3,,,,Barangay,Village,Unknown,Present,,,,,,,,,,,,,,0.12886885641,0.00070966874,Baan KM 3,"160202012",1041,1041,1
"74291",PHL,Pilipinas,Agusan del Norte,,,PH.AN,RP02,,Lalawigan|Probinsya,Province,"19670617",Present,,Butuan City,,,PH.AN.BT,,,Lungsod|Siyudad,City,Unknown,Present,,Mahogany Pob. (Bgy. 21),,,,Barangay,Village,Unknown,Present,,,,,,,,,,,,,,0.04148997492,0.00007390272,Mahogany Pob. (Bgy. 21),"160202062",15,15,1
"74300",PHL,Pilipinas,Agusan del Norte,,,PH.AN,RP02,,Lalawigan|Probinsya,Province,"19670617",Present,,Butuan City,,,PH.AN.BT,,,Lungsod|Siyudad,City,Unknown,Present,,Obrero Pob. (Bgy. 18),,,,Barangay,Village,Unknown,Present,,,,,,,,,,,,,,0.03050394866,0.00002412381,Obrero Pob. (Bgy. 18),"160202091",11,11,1
"74306",PHL,Pilipinas,Agusan del Norte,,,PH.AN,RP02,,Lalawigan|Probinsya,Province,"19670617",Present,,Butuan City,,,PH.AN.BT,,,Lungsod|Siyudad,City,Unknown,Present,,Port Poyohon Pob. (Bgy. 17 - New Asia),,,,Barangay,Village,Unknown,Present,,,,,,,,,,,,,,0.03423274058,0.00003679178,Port Poyohon Pob. (Bgy. 17 - New Asia),"160202069",11,11,1
"74307",PHL,Pilipinas,Agusan del Norte,,,PH.AN,RP02,,Lalawigan|Probinsya,Province,"19670617",Present,,Butuan City,,,PH.AN.BT,,,Lungsod|Siyudad,City,Unknown,Present,,Dumalagan,,,,Barangay,Village,Unknown,Present,,,,,,,,,,,,,,0.15568379220,0.00104213985,Dumalagan,"160202040",726,726,1
"74316",PHL,Pilipinas,Agusan del Norte,,,PH.AN,RP02,,Lalawigan|Probinsya,Province,"19670617",Present,,Butuan City,,,PH.AN.BT,,,Lungsod|Siyudad,City,Unknown,Present,,Holy Redeemer Pob. (Bgy. 23),,,,Barangay,Village,Unknown,Present,,,,,,,,,,,,,,0.03058496975,0.00003619503,Holy Redeemer Pob. (Bgy. 23),"160202047",86,86,1
"74326",PHL,Pilipinas,Agusan del Norte,,,PH.AN,RP02,,Lalawigan|Probinsya,Province,"19670617",Present,,Butuan City,,,PH.AN.BT,,,Lungsod|Siyudad,City,Unknown,Present,,Ong Yiu Pob. (Bgy. 16),,,,Barangay,Village,Unknown,Present,,,,,,,,,,,,,,0.03459356609,0.00005611431,Ong Yiu Pob. (Bgy. 16),"160202071",30,30,1
"74330",PHL,Pilipinas,Agusan del Norte,,,PH.AN,RP02,,Lalawigan|Probinsya,Province,"19670617",Present,,Butuan City,,,PH.AN.BT,,,Lungsod|Siyudad,City,Unknown,Present,,Doongan,,,,Barangay,Village,Unknown,Present,,,,,,,,,,,,,,0.06649021986,0.00019878852,Doongan,"160202039",1065,1065,1
"74334",PHL,Pilipinas,Agusan del Norte,,,PH.AN,RP02,,Lalawigan|Probinsya,Province,"19670617",Present,,Butuan City,,,PH.AN.BT,,,Lungsod|Siyudad,City,Unknown,Present,,Lemon,,,,Barangay,Village,Unknown,Present,,,,,,,,,,,,,,0.09249777509,0.00041281749,Lemon,"160202052",1086,1086,1
"74340",PHL,Pilipinas,Agusan del Norte,,,PH.AN,RP02,,Lalawigan|Probinsya,Province,"19670617",Present,,Butuan City,,,PH.AN.BT,,,Lungsod|Siyudad,City,Unknown,Present,,Baan Riverside Pob. (Bgy. 20),,,,Barangay,Village,Unknown,Present,,,,,,,,,,,,,,0.03016694166,0.00004172350,Baan Riverside Pob. (Bgy. 20),"160202033",16,16,1
"74343",PHL,Pilipinas,Agusan del Norte,,,PH.AN,RP02,,Lalawigan|Probinsya,Province,"19670617",Present,,Butuan City,,,PH.AN.BT,,,Lungsod|Siyudad,City,Unknown,Present,,Bayanihan Pob. (Bgy. 27),,,,Barangay,Village,Unknown,Present,,,,,,,,,,,,,,0.05767957834,0.00009732497,Bayanihan Pob. (Bgy. 27),"160202020",819,819,1
"74344",PHL,Pilipinas,Agusan del Norte,,,PH.AN,RP02,,Lalawigan|Probinsya,Province,"19670617",Present,,Butuan City,,,PH.AN.BT,,,Lungsod|Siyudad,City,Unknown,Present,,San Ignacio Pob. (Bgy. 15),,,,Barangay,Village,Unknown,Present,,,,,,,,,,,,,,0.02876358847,0.00002121689,San Ignacio Pob. (Bgy. 15),"160202075",17,17,1
"74349",PHL,Pilipinas,Agusan del Norte,,,PH.AN,RP02,,Lalawigan|Probinsya,Province,"19670617",Present,,Butuan City,,,PH.AN.BT,,,Lungsod|Siyudad,City,Unknown,Present,,Libertad,,,,Barangay,Village,Unknown,Present,,,,,,,,,,,,,,0.11160519689,0.00067070999,Libertad,"160202054",3139,3139,1
"74352",PHL,Pilipinas,Agusan del Norte,,,PH.AN,RP02,,Lalawigan|Probinsya,Province,"19670617",Present,,Butuan City,,,PH.AN.BT,,,Lungsod|Siyudad,City,Unknown,Present,,Buhangin Pob. (Bgy. 19),,,,Barangay,Village,Unknown,Present,,,,,,,,,,,,,,0.05431492570,0.00017109003,Buhangin Pob. (Bgy. 19),"160202027",211,211,1
"74353",PHL,Pilipinas,Agusan del Norte,,,PH.AN,RP02,,Lalawigan|Probinsya,Province,"19670617",Present,,Butuan City,,,PH.AN.BT,,,Lungsod|Siyudad,City,Unknown,Present,,Bancasi,,,,Barangay,Village,Unknown,Present,,,,,,,,,,,,,,0.15508286098,0.00087752026,Bancasi,"160202016",1522,1522,1
"74360",PHL,Pilipinas,Agusan del Norte,,,PH.AN,RP02,,Lalawigan|Probinsya,Province,"19670617",Present,,Butuan City,,,PH.AN.BT,,,Lungsod|Siyudad,City,Unknown,Present,,Leon Kilat Pob. (Bgy. 13),,,,Barangay,Village,Unknown,Present,,,,,,,,,,,,,,0.02613510198,0.00001666935,Leon Kilat Pob. (Bgy. 13),"160202053",4,4,1
"74366",PHL,Pilipinas,Agusan del Norte,,,PH.AN,RP02,,Lalawigan|Probinsya,Province,"19670617",Present,,Butuan City,,,PH.AN.BT,,,Lungsod|Siyudad,City,Unknown,Present,,Limaha Pob. (Bgy. 14),,,,Barangay,Village,Unknown,Present,,,,,,,,,,,,,,0.01748397610,0.00002010618,Limaha Pob. (Bgy. 14),"160202055",14,14,1
"74368",PHL,Pilipinas,Agusan del Norte,,,PH.AN,RP02,,Lalawigan|Probinsya,Province,"19670617",Present,,Butuan City,,,PH.AN.BT,,,Lungsod|Siyudad,City,Unknown,Present,,Humabon Pob. (Bgy. 11),,,,Barangay,Village,Unknown,Present,,,,,,,,,,,,,,0.01587608541,0.00000784221,Humabon Pob. (Bgy. 11),"160202048",4,4,1
"74370",PHL,Pilipinas,Agusan del Norte,,,PH.AN,RP02,,Lalawigan|Probinsya,Province,"19670617",Present,,Butuan City,,,PH.AN.BT,,,Lungsod|Siyudad,City,Unknown,Present,,Sikatuna Pob. (Bgy. 10),,,,Barangay,Village,Unknown,Present,,,,,,,,,,,,,,0.01503214127,0.00000473177,Sikatuna Pob. (Bgy. 10),"160202078",4,4,1
"74375",PHL,Pilipinas,Agusan del Norte,,,PH.AN,RP02,,Lalawigan|Probinsya,Province,"19670617",Present,,Butuan City,,,PH.AN.BT,,,Lungsod|Siyudad,City,Unknown,Present,,Urduja Pob. (Bgy. 9),,,,Barangay,Village,Unknown,Present,,,,,,,,,,,,,,0.01572401123,0.00000753441,Urduja Pob. (Bgy. 9),"160202089",20,20,1
"74377",PHL,Pilipinas,Agusan del Norte,,,PH.AN,RP02,,Lalawigan|Probinsya,Province,"19670617",Present,,Butuan City,,,PH.AN.BT,,,Lungsod|Siyudad,City,Unknown,Present,,Tandang Sora Pob. (Bgy. 12),,,,Barangay,Village,Unknown,Present,,,,,,,,,,,,,,0.02612216577,0.00002396384,Tandang Sora Pob. (Bgy. 12),"160202085",83,83,1
"74378",PHL,Pilipinas,Agusan del Norte,,,PH.AN,RP02,,Lalawigan|Probinsya,Province,"19670617",Present,,Butuan City,,,PH.AN.BT,,,Lungsod|Siyudad,City,Unknown,Present,,Taligaman,,,,Barangay,Village,Unknown,Present,,,,,,,,,,,,,,0.09636985915,0.00046834818,Taligaman,"160202084",14,14,1
"74380",PHL,Pilipinas,Agusan del Norte,,,PH.AN,RP02,,Lalawigan|Probinsya,Province,"19670617",Present,,Butuan City,,,PH.AN.BT,,,Lungsod|Siyudad,City,Unknown,Present,,Silongan Pob. (Bgy. 5),,,,Barangay,Village,Unknown,Present,,,,,,,,,,,,,,0.00990807139,0.00000444951,Silongan Pob. (Bgy. 5),"160202079",4,4,1
"74387",PHL,Pilipinas,Agusan del Norte,,,PH.AN,RP02,,Lalawigan|Probinsya,Province,"19670617",Present,,Butuan City,,,PH.AN.BT,,,Lungsod|Siyudad,City,Unknown,Present,,Diego Silang Pob. (Bgy. 6),,,,Barangay,Village,Unknown,Present,,,,,,,,,,,,,,0.01754935060,0.00001954009,Diego Silang Pob. (Bgy. 6),"160202038",21,21,1
"74390",PHL,Pilipinas,Agusan del Norte,,,PH.AN,RP02,,Lalawigan|Probinsya,Province,"19670617",Present,,Butuan City,,,PH.AN.BT,,,Lungsod|Siyudad,City,Unknown,Present,,Rajah Soliman Pob. (Bgy. 4),,,,Barangay,Village,Unknown,Present,,,,,,,,,,,,,,0.00978485919,0.00000504385,Rajah Soliman Pob. (Bgy. 4),"160202074",0.812565753713814,0.812565753713814,1
"74391",PHL,Pilipinas,Agusan del Norte,,,PH.AN,RP02,,Lalawigan|Probinsya,Province,"19670617",Present,,Butuan City,,,PH.AN.BT,,,Lungsod|Siyudad,City,Unknown,Present,,Imadejas Pob. (Bgy. 24),,,,Barangay,Village,Unknown,Present,,,,,,,,,,,,,,0.04147259609,0.00007073054,Imadejas Pob. (Bgy. 24),"160202037",432,432,1
"74392",PHL,Pilipinas,Agusan del Norte,,,PH.AN,RP02,,Lalawigan|Probinsya,Province,"19670617",Present,,Butuan City,,,PH.AN.BT,,,Lungsod|Siyudad,City,Unknown,Present,,New Society Village Pob. (Bgy. 26),,,,Barangay,Village,Unknown,Present,,,,,,,,,,,,,,0.00928248760,0.00000542411,New Society Village Pob. (Bgy. 26),"160202070",42,42,1
"74393",PHL,Pilipinas,Agusan del Norte,,,PH.AN,RP02,,Lalawigan|Probinsya,Province,"19670617",Present,,Butuan City,,,PH.AN.BT,,,Lungsod|Siyudad,City,Unknown,Present,,Lapu-Lapu Pob. (Bgy. 8),,,,Barangay,Village,Unknown,Present,,,,,,,,,,,,,,0.01663943100,0.00001073612,Lapu-lapu Pob. (Bgy. 8),"160202051",59,59,1
"74394",PHL,Pilipinas,Agusan del Norte,,,PH.AN,RP02,,Lalawigan|Probinsya,Province,"19670617",Present,,Butuan City,,,PH.AN.BT,,,Lungsod|Siyudad,City,Unknown,Present,,Agao Pob. (Bgy. 3),,,,Barangay,Village,Unknown,Present,,,,,,,,,,,,,,0.00940131514,0.00000464154,Agao Pob. (Bgy. 3),"160202002",0,0,
"74399",PHL,Pilipinas,Agusan del Norte,,,PH.AN,RP02,,Lalawigan|Probinsya,Province,"19670617",Present,,Butuan City,,,PH.AN.BT,,,Lungsod|Siyudad,City,Unknown,Present,,Dagohoy Pob. (Bgy. 7),,,,Barangay,Village,Unknown,Present,,,,,,,,,,,,,,0.02392662446,0.00002564414,Dagohoy Pob. (Bgy. 7),"160202044",132,132,1
"74400",PHL,Pilipinas,Agusan del Norte,,,PH.AN,RP02,,Lalawigan|Probinsya,Province,"19670617",Present,,Butuan City,,,PH.AN.BT,,,Lungsod|Siyudad,City,Unknown,Present,,Golden Ribbon Pob. (Bgy. 2),,,,Barangay,Village,Unknown,Present,,,,,,,,,,,,,,0.02459329501,0.00002801302,Golden Ribbon Pob. (Bgy. 2),"160202043",3,3,1
"74406",PHL,Pilipinas,Agusan del Norte,,,PH.AN,RP02,,Lalawigan|Probinsya,Province,"19670617",Present,,Butuan City,,,PH.AN.BT,,,Lungsod|Siyudad,City,Unknown,Present,,Basag,,,,Barangay,Village,Unknown,Present,,,,,,,,,,,,,,0.16207878218,0.00092114878,Basag,"160202019",512,512,1
"74414",PHL,Pilipinas,Agusan del Norte,,,PH.AN,RP02,,Lalawigan|Probinsya,Province,"19670617",Present,,Butuan City,,,PH.AN.BT,,,Lungsod|Siyudad,City,Unknown,Present,,Jose Rizal Pob. (Bgy. 25),,,,Barangay,Village,Unknown,Present,,,,,,,,,,,,,,0.02833522819,0.00003626608,Jose Rizal Pob. (Bgy. 25),"160202045",95,95,1
"74418",PHL,Pilipinas,Agusan del Norte,,,PH.AN,RP02,,Lalawigan|Probinsya,Province,"19670617",Present,,Butuan City,,,PH.AN.BT,,,Lungsod|Siyudad,City,Unknown,Present,,Mahay,,,,Barangay,Village,Unknown,Present,,,,,,,,,,,,,,0.15757310997,0.00085255608,Mahay,"160202061",824,824,1
"74421",PHL,Pilipinas,Agusan del Norte,,,PH.AN,RP02,,Lalawigan|Probinsya,Province,"19670617",Present,,Butuan City,,,PH.AN.BT,,,Lungsod|Siyudad,City,Unknown,Present,,Maon Pob. (Bgy. 1),,,,Barangay,Village,Unknown,Present,,,,,,,,,,,,,,0.02055063469,0.00002290718,Maon Pob. (Bgy. 1),"160202066",51,51,1
"74424",PHL,Pilipinas,Agusan del Norte,,,PH.AN,RP02,,Lalawigan|Probinsya,Province,"19670617",Present,,Butuan City,,,PH.AN.BT,,,Lungsod|Siyudad,City,Unknown,Present,,Villa Kananga,,,,Barangay,Village,Unknown,Present,,,,,,,,,,,,,,0.07232701264,0.00029742778,Villa Kananga,"160202090",1810,1810,1
"74425",PHL,Pilipinas,Agusan del Norte,,,PH.AN,RP02,,Lalawigan|Probinsya,Province,"19670617",Present,,Butuan City,,,PH.AN.BT,,,Lungsod|Siyudad,City,Unknown,Present,,Pangabugan,,,,Barangay,Village,Unknown,Present,,,,,,,,,,,,,,0.05187734553,0.00014734264,Pangabugan,"160202098",257,257,1
"74429",PHL,Pilipinas,Agusan del Norte,,,PH.AN,RP02,,Lalawigan|Probinsya,Province,"19670617",Present,,Butuan City,,,PH.AN.BT,,,Lungsod|Siyudad,City,Unknown,Present,,De Oro,,,,Barangay,Village,Unknown,Present,,,,,,,,,,,,,,0.11929940095,0.00061001294,De Oro,"160202093",53,53,1
"74432",PHL,Pilipinas,Agusan del Norte,,,PH.AN,RP02,,Lalawigan|Probinsya,Province,"19670617",Present,,Butuan City,,,PH.AN.BT,,,Lungsod|Siyudad,City,Unknown,Present,,Bonbon,,,,Barangay,Village,Unknown,Present,,,,,,,,,,,,,,0.10474712995,0.00047068996,Bonbon,"160202025",2234,2234,1
"74448",PHL,Pilipinas,Agusan del Norte,,,PH.AN,RP02,,Lalawigan|Probinsya,Province,"19670617",Present,,Butuan City,,,PH.AN.BT,,,Lungsod|Siyudad,City,Unknown,Present,,Tagabaca,,,,Barangay,Village,Unknown,Present,,,,,,,,,,,,,,0.11777312878,0.00070763229,Tagabaca,"160202082",361,361,1
"74452",PHL,Pilipinas,Agusan del Norte,,,PH.AN,RP02,,Lalawigan|Probinsya,Province,"19670617",Present,,Butuan City,,,PH.AN.BT,,,Lungsod|Siyudad,City,Unknown,Present,,Bit-Os,,,,Barangay,Village,Unknown,Present,,,,,,,,,,,,,,0.39856865728,0.00359265038,Bit-os,"160202022",1959,1959,1
"74455",PHL,Pilipinas,Agusan del Norte,,,PH.AN,RP02,,Lalawigan|Probinsya,Province,"19670617",Present,,Butuan City,,,PH.AN.BT,,,Lungsod|Siyudad,City,Unknown,Present,,San Vicente,,,,Barangay,Village,Unknown,Present,,,,,,,,,,,,,,0.07571359322,0.00036125964,San Vicente,"160202077",456,456,1
"74457",PHL,Pilipinas,Agusan del Norte,,,PH.AN,RP02,,Lalawigan|Probinsya,Province,"19670617",Present,,Butuan City,,,PH.AN.BT,,,Lungsod|Siyudad,City,Unknown,Present,,Kinamlutan,,,,Barangay,Village,Unknown,Present,,,,,,,,,,,,,,0.07866048662,0.00037867715,Kinamlutan,"160202049",1618,1618,1
"74469",PHL,Pilipinas,Agusan del Norte,,,PH.AN,RP02,,Lalawigan|Probinsya,Province,"19670617",Present,,Butuan City,,,PH.AN.BT,,,Lungsod|Siyudad,City,Unknown,Present,,Camayahan,,,,Barangay,Village,Unknown,Present,,,,,,,,,,,,,,0.24507101084,0.00189891902,Camayahan,"160202031",362,362,1
"74471",PHL,Pilipinas,Agusan del Norte,,,PH.AN,RP02,,Lalawigan|Probinsya,Province,"19670617",Present,,Butuan City,,,PH.AN.BT,,,Lungsod|Siyudad,City,Unknown,Present,,Pigdaulan,,,,Barangay,Village,Unknown,Present,,,,,,,,,,,,,,0.10743043257,0.00056614790,Pigdaulan,"160202103",103,103,1
"74497",PHL,Pilipinas,Agusan del Norte,,,PH.AN,RP02,,Lalawigan|Probinsya,Province,"19670617",Present,,Butuan City,,,PH.AN.BT,,,Lungsod|Siyudad,City,Unknown,Present,,Aupagan,,,,Barangay,Village,Unknown,Present,,,,,,,,,,,,,,0.14382450670,0.00105626529,Aupagan,"160202010",437,437,1
"74537",PHL,Pilipinas,Agusan del Norte,,,PH.AN,RP02,,Lalawigan|Probinsya,Province,"19670617",Present,,Butuan City,,,PH.AN.BT,,,Lungsod|Siyudad,City,Unknown,Present,,Salvacion,,,,Barangay,Village,Unknown,Present,,,,,,,,,,,,,,0.12137988629,0.00056677291,Salvacion,"160202099",51,51,1
"74542",PHL,Pilipinas,Agusan del Norte,,,PH.AN,RP02,,Lalawigan|Probinsya,Province,"19670617",Present,,Butuan City,,,PH.AN.BT,,,Lungsod|Siyudad,City,Unknown,Present,,Amparo,,,,Barangay,Village,Unknown,Present,,,,,,,,,,,,,,0.24229876171,0.00187117971,Amparo,"160202006",861,861,1
"74573",PHL,Pilipinas,Agusan del Norte,,,PH.AN,RP02,,Lalawigan|Probinsya,Province,"19670617",Present,,Butuan City,,,PH.AN.BT,,,Lungsod|Siyudad,City,Unknown,Present,,Maibu,,,,Barangay,Village,Unknown,Present,,,,,,,,,,,,,,0.20588936148,0.00135092627,Maibu,"160202063",204,204,1
"74576",PHL,Pilipinas,Agusan del Norte,,,PH.AN,RP02,,Lalawigan|Probinsya,Province,"19670617",Present,,Butuan City,,,PH.AN.BT,,,Lungsod|Siyudad,City,Unknown,Present,,Don Francisco,,,,Barangay,Village,Unknown,Present,,,,,,,,,,,,,,0.07823304641,0.00032738446,Don Francisco,"160202102",23,23,1
"74583",PHL,Pilipinas,Agusan del Norte,,,PH.AN,RP02,,Lalawigan|Probinsya,Province,"19670617",Present,,Butuan City,,,PH.AN.BT,,,Lungsod|Siyudad,City,Unknown,Present,,Nong-Nong,,,,Barangay,Village,Unknown,Present,,,,,,,,,,,,,,0.16362241280,0.00139536170,Nong-nong,"160202096",44,44,1
"74598",PHL,Pilipinas,Agusan del Norte,,,PH.AN,RP02,,Lalawigan|Probinsya,Province,"19670617",Present,,Butuan City,,,PH.AN.BT,,,Lungsod|Siyudad,City,Unknown,Present,,Bilay,,,,Barangay,Village,Unknown,Present,,,,,,,,,,,,,,0.09715384171,0.00049476243,Bilay,"160202021",81,81,1
"74606",PHL,Pilipinas,Agusan del Norte,,,PH.AN,RP02,,Lalawigan|Probinsya,Province,"19670617",Present,,Butuan City,,,PH.AN.BT,,,Lungsod|Siyudad,City,Unknown,Present,,Bitan-Agan,,,,Barangay,Village,Unknown,Present,,,,,,,,,,,,,,0.11346511847,0.00065930738,Bitan-agan,"160202023",27,27,1
"74641",PHL,Pilipinas,Agusan del Norte,,,PH.AN,RP02,,Lalawigan|Probinsya,Province,"19670617",Present,,Butuan City,,,PH.AN.BT,,,Lungsod|Siyudad,City,Unknown,Present,,Tungao,,,,Barangay,Village,Unknown,Present,,,,,,,,,,,,,,0.51343718606,0.00640804937,Tungao,"160202087",879,879,1
"74643",PHL,Pilipinas,Agusan del Norte,,,PH.AN,RP02,,Lalawigan|Probinsya,Province,"19670617",Present,,Butuan City,,,PH.AN.BT,,,Lungsod|Siyudad,City,Unknown,Present,,Dulag,,,,Barangay,Village,Unknown,Present,,,,,,,,,,,,,,0.13413997722,0.00085201038,Dulag,"160202094",167,167,1
"74661",PHL,Pilipinas,Agusan del Norte,,,PH.AN,RP02,,Lalawigan|Probinsya,Province,"19670617",Present,,Butuan City,,,PH.AN.BT,,,Lungsod|Siyudad,City,Unknown,Present,,Maguinda,,,,Barangay,Village,Unknown,Present,,,,,,,,,,,,,,0.14952741714,0.00130732071,Maguinda,"160202060",277,277,1
"74673",PHL,Pilipinas,Agusan del Norte,,,PH.AN,RP02,,Lalawigan|Probinsya,Province,"19670617",Present,,Butuan City,,,PH.AN.BT,,,Lungsod|Siyudad,City,Unknown,Present,,Florida,,,,Barangay,Village,Unknown,Present,,,,,,,,,,,,,,0.30381229740,0.00149093429,Florida,"160202095",141,141,1
"74678",PHL,Pilipinas,Agusan del Norte,,,PH.AN,RP02,,Lalawigan|Probinsya,Province,"19670617",Present,,Butuan City,,,PH.AN.BT,,,Lungsod|Siyudad,City,Unknown,Present,,Manila de Bugabus,,,,Barangay,Village,Unknown,Present,,,,,,,,,,,,,,0.20994335421,0.00172767963,Manila de Bugabus,"160202065",323,323,1
"74685",PHL,Pilipinas,Agusan del Norte,,,PH.AN,RP02,,Lalawigan|Probinsya,Province,"19670617",Present,,Butuan City,,,PH.AN.BT,,,Lungsod|Siyudad,City,Unknown,Present,,Bugabus,,,,Barangay,Village,Unknown,Present,,,,,,,,,,,,,,0.11085227595,0.00067805099,Bugabus,"160202026",104,104,1
"74740",PHL,Pilipinas,Agusan del Norte,,,PH.AN,RP02,,Lalawigan|Probinsya,Province,"19670617",Present,,Butuan City,,,PH.AN.BT,,,Lungsod|Siyudad,City,Unknown,Present,,San Mateo,,,,Barangay,Village,Unknown,Present,,,,,,,,,,,,,,0.08766745425,0.00034902925,San Mateo,"160202076",111,111,1
